iter,run,tensor,layer,n_neurons,row_rms_med,row_rms_min,row_rms_p01,frac_below_10pct_med,frac_below_25pct_med,frac_below_50pct_med
34454,flagship,self_attention.linear_proj,0,5120,0.0228873,0.0214943,0.0218967,0,0,0
34454,flagship,self_attention.linear_proj,1,5120,0.0301692,0.0270445,0.0284732,0,0,0
34454,flagship,self_attention.linear_proj,2,5120,0.0316257,0.0245919,0.0301732,0,0,0
34454,flagship,self_attention.linear_proj,3,5120,0.0313568,0.0240907,0.0300446,0,0,0
34454,flagship,self_attention.linear_proj,4,5120,0.0307682,0.0237515,0.0293041,0,0,0
34454,flagship,self_attention.linear_proj,5,5120,0.0312365,0.0234497,0.0296565,0,0,0
34454,flagship,self_attention.linear_proj,6,5120,0.0321856,0.0224932,0.0304149,0,0,0
34454,flagship,self_attention.linear_proj,7,5120,0.0331271,0.0266095,0.0318495,0,0,0
34454,flagship,self_attention.linear_proj,8,5120,0.033115,0.0251203,0.0315074,0,0,0
34454,flagship,self_attention.linear_proj,9,5120,0.0323901,0.0261038,0.0310406,0,0,0
34454,flagship,self_attention.linear_proj,10,5120,0.0323577,0.0262889,0.031102,0,0,0
34454,flagship,self_attention.linear_proj,11,5120,0.0321806,0.0250833,0.0308129,0,0,0
34454,flagship,self_attention.linear_proj,12,5120,0.0304995,0.0258435,0.0294075,0,0,0
34454,flagship,self_attention.linear_proj,13,5120,0.0311856,0.0259089,0.0299605,0,0,0
34454,flagship,self_attention.linear_proj,14,5120,0.0297728,0.0258669,0.0286434,0,0,0
34454,flagship,self_attention.linear_proj,15,5120,0.0301586,0.0259683,0.0288356,0,0,0
34454,flagship,self_attention.linear_proj,16,5120,0.0305903,0.0268103,0.0292519,0,0,0
34454,flagship,self_attention.linear_proj,17,5120,0.0321632,0.0274308,0.0306102,0,0,0
34454,flagship,self_attention.linear_proj,18,5120,0.0316938,0.0268903,0.0298272,0,0,0
34454,flagship,self_attention.linear_proj,19,5120,0.0334778,0.0232126,0.0316658,0,0,0
34454,flagship,self_attention.linear_proj,20,5120,0.0315386,0.0272755,0.0298385,0,0,0
34454,flagship,self_attention.linear_proj,21,5120,0.0303109,0.0269174,0.0288616,0,0,0
34454,flagship,self_attention.linear_proj,22,5120,0.0346874,0.0245515,0.0332113,0,0,0
34454,flagship,self_attention.linear_proj,23,5120,0.0339829,0.0266767,0.0325001,0,0,0
34454,flagship,self_attention.linear_proj,24,5120,0.0335729,0.0294611,0.0323651,0,0,0
34454,flagship,self_attention.linear_proj,25,5120,0.0318676,0.0271226,0.0307074,0,0,0
34454,flagship,self_attention.linear_proj,26,5120,0.0313805,0.0290172,0.0302216,0,0,0
34454,flagship,self_attention.linear_proj,27,5120,0.0358903,0.0333856,0.0345949,0,0,0
34454,flagship,self_attention.linear_proj,28,5120,0.0328685,0.0286362,0.0314899,0,0,0
34454,flagship,self_attention.linear_proj,29,5120,0.0330935,0.0292484,0.0319228,0,0,0
34454,flagship,self_attention.linear_proj,30,5120,0.034648,0.0274161,0.0331395,0,0,0
34454,flagship,self_attention.linear_proj,31,5120,0.0291953,0.0248449,0.0280325,0,0,0
34454,flagship,self_attention.linear_proj,32,5120,0.0305112,0.0241876,0.0291383,0,0,0
34454,flagship,self_attention.linear_proj,33,5120,0.0302038,0.0239875,0.0289365,0,0,0
34454,flagship,self_attention.linear_proj,34,5120,0.0332575,0.0245154,0.031506,0,0,0
34454,flagship,self_attention.linear_proj,35,5120,0.0309993,0.0224238,0.0293584,0,0,0
34454,flagship,self_attention.linear_proj,36,5120,0.0290594,0.0221381,0.0279682,0,0,0
34454,flagship,self_attention.linear_proj,37,5120,0.026108,0.0212121,0.0253009,0,0,0
34454,flagship,self_attention.linear_proj,38,5120,0.0282432,0.0224246,0.0272749,0,0,0
34454,flagship,self_attention.linear_proj,39,5120,0.0268118,0.0208542,0.0259467,0,0,0
34454,flagship,self_attention.linear_proj,40,5120,0.0279743,0.0223969,0.0270821,0,0,0
34454,flagship,self_attention.linear_proj,41,5120,0.0273719,0.0210369,0.0264082,0,0,0
34454,flagship,self_attention.linear_proj,42,5120,0.027012,0.0210862,0.0261296,0,0,0
34454,flagship,self_attention.linear_proj,43,5120,0.0273074,0.0206068,0.0264215,0,0,0
34454,flagship,self_attention.linear_proj,44,5120,0.0280149,0.0211539,0.027139,0,0,0
34454,flagship,self_attention.linear_proj,45,5120,0.0289797,0.0218774,0.027936,0,0,0
34454,flagship,self_attention.linear_proj,46,5120,0.029296,0.0227963,0.0281274,0,0,0
34454,flagship,self_attention.linear_proj,47,5120,0.0275527,0.0227428,0.0264951,0,0,0
34454,flagship,self_attention.linear_proj,48,5120,0.0305915,0.0241942,0.0294433,0,0,0
34454,flagship,self_attention.linear_proj,49,5120,0.0291976,0.0231184,0.0277705,0,0,0
34454,flagship,self_attention.linear_proj,50,5120,0.0279957,0.024763,0.0269629,0,0,0
34454,flagship,self_attention.linear_proj,51,5120,0.029928,0.0241873,0.0288114,0,0,0
34454,flagship,self_attention.linear_proj,52,5120,0.028829,0.0251078,0.0277841,0,0,0
34454,flagship,self_attention.linear_proj,53,5120,0.0308857,0.0232721,0.0290483,0,0,0
34454,flagship,self_attention.linear_proj,54,5120,0.0297489,0.0236935,0.0284409,0,0,0
34454,flagship,self_attention.linear_proj,55,5120,0.0299101,0.025528,0.028375,0,0,0
34454,flagship,self_attention.linear_proj,56,5120,0.0301182,0.0248546,0.0283149,0,0,0
34454,flagship,self_attention.linear_proj,57,5120,0.0289415,0.0237776,0.0270653,0,0,0
34454,flagship,self_attention.linear_proj,58,5120,0.0287517,0.0249502,0.0269413,0,0,0
34454,flagship,self_attention.linear_proj,59,5120,0.027352,0.0232248,0.0256799,0,0,0
34454,flagship,self_attention.linear_proj,60,5120,0.0250878,0.0218217,0.0235699,0,0,0
34454,flagship,self_attention.linear_proj,61,5120,0.0238106,0.0194713,0.0218251,0,0,0
34454,flagship,self_attention.linear_proj,62,5120,0.0199319,0.0162779,0.0184795,0,0,0
34454,flagship,self_attention.linear_proj,63,5120,0.0152482,0.0122767,0.0136905,0,0,0
34454,flagship,mlp.linear_fc2,0,5120,0.0322585,0.0294395,0.0314596,0,0,0
34454,flagship,mlp.linear_fc2,1,5120,0.0336329,0.028334,0.0329867,0,0,0
34454,flagship,mlp.linear_fc2,2,5120,0.0345192,0.026717,0.0335966,0,0,0
34454,flagship,mlp.linear_fc2,3,5120,0.0342228,0.0267332,0.0333856,0,0,0
34454,flagship,mlp.linear_fc2,4,5120,0.0338944,0.0251661,0.0327852,0,0,0
34454,flagship,mlp.linear_fc2,5,5120,0.0337061,0.0254471,0.0325389,0,0,0
34454,flagship,mlp.linear_fc2,6,5120,0.0339912,0.0266617,0.0327127,0,0,0
34454,flagship,mlp.linear_fc2,7,5120,0.0344619,0.0280719,0.0334239,0,0,0
34454,flagship,mlp.linear_fc2,8,5120,0.0348963,0.0271741,0.0340809,0,0,0
34454,flagship,mlp.linear_fc2,9,5120,0.0349611,0.0254605,0.03406,0,0,0
34454,flagship,mlp.linear_fc2,10,5120,0.0350467,0.0240715,0.0342063,0,0,0
34454,flagship,mlp.linear_fc2,11,5120,0.0351242,0.0220522,0.0343378,0,0,0
34454,flagship,mlp.linear_fc2,12,5120,0.0351215,0.0215643,0.0343422,0,0,0
34454,flagship,mlp.linear_fc2,13,5120,0.0350332,0.0212666,0.0342142,0,0,0
34454,flagship,mlp.linear_fc2,14,5120,0.0348679,0.0204769,0.0339447,0,0,0
34454,flagship,mlp.linear_fc2,15,5120,0.0346046,0.0198586,0.0335999,0,0,0
34454,flagship,mlp.linear_fc2,16,5120,0.0342684,0.0202699,0.0331284,0,0,0
34454,flagship,mlp.linear_fc2,17,5120,0.0342537,0.0204267,0.0332716,0,0,0
34454,flagship,mlp.linear_fc2,18,5120,0.0342036,0.0204437,0.0332449,0,0,0
34454,flagship,mlp.linear_fc2,19,5120,0.0343172,0.0204702,0.0334081,0,0,0
34454,flagship,mlp.linear_fc2,20,5120,0.0343164,0.0208564,0.0333935,0,0,0
34454,flagship,mlp.linear_fc2,21,5120,0.034172,0.02212,0.0331255,0,0,0
34454,flagship,mlp.linear_fc2,22,5120,0.0342531,0.0229494,0.033333,0,0,0
34454,flagship,mlp.linear_fc2,23,5120,0.0343003,0.0245159,0.0334447,0,0,0
34454,flagship,mlp.linear_fc2,24,5120,0.0345404,0.025789,0.0337822,0,0,0
34454,flagship,mlp.linear_fc2,25,5120,0.0346662,0.0275391,0.0339698,0,0,0
34454,flagship,mlp.linear_fc2,26,5120,0.034653,0.0296348,0.0338577,0,0,0
34454,flagship,mlp.linear_fc2,27,5120,0.0348548,0.0325467,0.0341739,0,0,0
34454,flagship,mlp.linear_fc2,28,5120,0.0349477,0.0333472,0.0343034,0,0,0
34454,flagship,mlp.linear_fc2,29,5120,0.035044,0.0331883,0.0344545,0,0,0
34454,flagship,mlp.linear_fc2,30,5120,0.0350889,0.0330535,0.0344935,0,0,0
34454,flagship,mlp.linear_fc2,31,5120,0.035229,0.0329397,0.0346168,0,0,0
34454,flagship,mlp.linear_fc2,32,5120,0.0353794,0.0326395,0.0347954,0,0,0
34454,flagship,mlp.linear_fc2,33,5120,0.0354923,0.0328692,0.0349309,0,0,0
34454,flagship,mlp.linear_fc2,34,5120,0.0355868,0.032275,0.0350202,0,0,0
34454,flagship,mlp.linear_fc2,35,5120,0.035677,0.0320814,0.0351252,0,0,0
34454,flagship,mlp.linear_fc2,36,5120,0.0357772,0.0320497,0.0352075,0,0,0
34454,flagship,mlp.linear_fc2,37,5120,0.0359153,0.0318735,0.0353075,0,0,0
34454,flagship,mlp.linear_fc2,38,5120,0.0360187,0.0319441,0.0354382,0,0,0
34454,flagship,mlp.linear_fc2,39,5120,0.0360916,0.0318035,0.0354454,0,0,0
34454,flagship,mlp.linear_fc2,40,5120,0.0361459,0.0317912,0.0355365,0,0,0
34454,flagship,mlp.linear_fc2,41,5120,0.036177,0.0317699,0.035539,0,0,0
34454,flagship,mlp.linear_fc2,42,5120,0.0362224,0.0321619,0.0355466,0,0,0
34454,flagship,mlp.linear_fc2,43,5120,0.0362476,0.0321136,0.0355132,0,0,0
34454,flagship,mlp.linear_fc2,44,5120,0.036267,0.0320452,0.035491,0,0,0
34454,flagship,mlp.linear_fc2,45,5120,0.0362997,0.0323907,0.0353957,0,0,0
34454,flagship,mlp.linear_fc2,46,5120,0.0363223,0.0325601,0.03541,0,0,0
34454,flagship,mlp.linear_fc2,47,5120,0.0363303,0.0323627,0.0354115,0,0,0
34454,flagship,mlp.linear_fc2,48,5120,0.0363568,0.0324342,0.0353234,0,0,0
34454,flagship,mlp.linear_fc2,49,5120,0.0363636,0.0323991,0.0353325,0,0,0
34454,flagship,mlp.linear_fc2,50,5120,0.0363576,0.0321634,0.0352508,0,0,0
34454,flagship,mlp.linear_fc2,51,5120,0.036373,0.0323504,0.0351852,0,0,0
34454,flagship,mlp.linear_fc2,52,5120,0.0363679,0.0319467,0.0350623,0,0,0
34454,flagship,mlp.linear_fc2,53,5120,0.0363326,0.0322681,0.0350382,0,0,0
34454,flagship,mlp.linear_fc2,54,5120,0.0362701,0.0321961,0.0349851,0,0,0
34454,flagship,mlp.linear_fc2,55,5120,0.0361633,0.0321203,0.0349076,0,0,0
34454,flagship,mlp.linear_fc2,56,5120,0.0359967,0.031869,0.0348177,0,0,0
34454,flagship,mlp.linear_fc2,57,5120,0.0355446,0.0316515,0.0344847,0,0,0
34454,flagship,mlp.linear_fc2,58,5120,0.0348101,0.031541,0.0338573,0,0,0
34454,flagship,mlp.linear_fc2,59,5120,0.0337046,0.0311514,0.0328505,0,0,0
34454,flagship,mlp.linear_fc2,60,5120,0.0323913,0.0307737,0.03155,0,0,0
34454,flagship,mlp.linear_fc2,61,5120,0.0300052,0.0287141,0.0291584,0,0,0
34454,flagship,mlp.linear_fc2,62,5120,0.0271671,0.0248855,0.0260421,0,0,0
34454,flagship,mlp.linear_fc2,63,5120,0.0232597,0.0180984,0.0209881,0,0,0
34454,flagship,mlp.linear_fc1,0,51200,0.0310663,0.0253341,0.027203,0,0,0
34454,flagship,mlp.linear_fc1,1,51200,0.0362773,0.0284057,0.0330433,0,0,0
34454,flagship,mlp.linear_fc1,2,51200,0.0372854,0.0284316,0.0337827,0,0,0
34454,flagship,mlp.linear_fc1,3,51200,0.0363479,0.0286574,0.032486,0,0,0
34454,flagship,mlp.linear_fc1,4,51200,0.0355481,0.0258371,0.0316051,0,0,0
34454,flagship,mlp.linear_fc1,5,51200,0.0348166,0.0273189,0.0311479,0,0,0
34454,flagship,mlp.linear_fc1,6,51200,0.0345826,0.0255103,0.0311363,0,0,0
34454,flagship,mlp.linear_fc1,7,51200,0.0349526,0.0283724,0.0312724,0,0,0
34454,flagship,mlp.linear_fc1,8,51200,0.0352601,0.0287871,0.0319264,0,0,0
34454,flagship,mlp.linear_fc1,9,51200,0.0354166,0.0283105,0.0324058,0,0,0
34454,flagship,mlp.linear_fc1,10,51200,0.0354647,0.0282123,0.0325458,0,0,0
34454,flagship,mlp.linear_fc1,11,51200,0.0355655,0.0282272,0.0329575,0,0,0
34454,flagship,mlp.linear_fc1,12,51200,0.0356144,0.0290519,0.0331959,0,0,0
34454,flagship,mlp.linear_fc1,13,51200,0.0356595,0.0308711,0.0333781,0,0,0
34454,flagship,mlp.linear_fc1,14,51200,0.035639,0.0307956,0.03338,0,0,0
34454,flagship,mlp.linear_fc1,15,51200,0.0354295,0.0307473,0.033162,0,0,0
34454,flagship,mlp.linear_fc1,16,51200,0.0351396,0.0294488,0.0327673,0,0,0
34454,flagship,mlp.linear_fc1,17,51200,0.0346894,0.0270127,0.0322318,0,0,0
34454,flagship,mlp.linear_fc1,18,51200,0.0346835,0.0270504,0.032269,0,0,0
34454,flagship,mlp.linear_fc1,19,51200,0.0346639,0.0295845,0.0323833,0,0,0
34454,flagship,mlp.linear_fc1,20,51200,0.0345951,0.0300208,0.0323362,0,0,0
34454,flagship,mlp.linear_fc1,21,51200,0.0344966,0.0282542,0.0322048,0,0,0
34454,flagship,mlp.linear_fc1,22,51200,0.0345799,0.0296026,0.0324408,0,0,0
34454,flagship,mlp.linear_fc1,23,51200,0.0344622,0.029167,0.0323558,0,0,0
34454,flagship,mlp.linear_fc1,24,51200,0.034597,0.02821,0.0324821,0,0,0
34454,flagship,mlp.linear_fc1,25,51200,0.0347163,0.0271717,0.0325833,0,0,0
34454,flagship,mlp.linear_fc1,26,51200,0.0347436,0.0274075,0.0326336,0,0,0
34454,flagship,mlp.linear_fc1,27,51200,0.0349152,0.026937,0.0327593,0,0,0
34454,flagship,mlp.linear_fc1,28,51200,0.0350478,0.0295633,0.0329899,0,0,0
34454,flagship,mlp.linear_fc1,29,51200,0.0351754,0.0273485,0.0331279,0,0,0
34454,flagship,mlp.linear_fc1,30,51200,0.0352374,0.0292075,0.0332205,0,0,0
34454,flagship,mlp.linear_fc1,31,51200,0.0354068,0.0268548,0.0335001,0,0,0
34454,flagship,mlp.linear_fc1,32,51200,0.0356102,0.0287889,0.0337443,0,0,0
34454,flagship,mlp.linear_fc1,33,51200,0.0357752,0.0297848,0.0339545,0,0,0
34454,flagship,mlp.linear_fc1,34,51200,0.0359365,0.0310862,0.0341149,0,0,0
34454,flagship,mlp.linear_fc1,35,51200,0.0360634,0.0290022,0.0342829,0,0,0
34454,flagship,mlp.linear_fc1,36,51200,0.0362384,0.0314777,0.0344107,0,0,0
34454,flagship,mlp.linear_fc1,37,51200,0.0363623,0.0328948,0.0345359,0,0,0
34454,flagship,mlp.linear_fc1,38,51200,0.0364451,0.0328157,0.0345945,0,0,0
34454,flagship,mlp.linear_fc1,39,51200,0.0365293,0.0332344,0.0346774,0,0,0
34454,flagship,mlp.linear_fc1,40,51200,0.0366041,0.0332356,0.0347222,0,0,0
34454,flagship,mlp.linear_fc1,41,51200,0.0366486,0.0331654,0.0347389,0,0,0
34454,flagship,mlp.linear_fc1,42,51200,0.0366997,0.0310442,0.034773,0,0,0
34454,flagship,mlp.linear_fc1,43,51200,0.0367463,0.028742,0.0347918,0,0,0
34454,flagship,mlp.linear_fc1,44,51200,0.0367784,0.0334241,0.0347994,0,0,0
34454,flagship,mlp.linear_fc1,45,51200,0.0367869,0.0313598,0.0347938,0,0,0
34454,flagship,mlp.linear_fc1,46,51200,0.03681,0.0324371,0.0347805,0,0,0
34454,flagship,mlp.linear_fc1,47,51200,0.0368168,0.0337684,0.0347657,0,0,0
34454,flagship,mlp.linear_fc1,48,51200,0.0368115,0.0330203,0.0347424,0,0,0
34454,flagship,mlp.linear_fc1,49,51200,0.0368383,0.0311048,0.0346737,0,0,0
34454,flagship,mlp.linear_fc1,50,51200,0.036792,0.0326187,0.0346331,0,0,0
34454,flagship,mlp.linear_fc1,51,51200,0.0367879,0.0333009,0.0345702,0,0,0
34454,flagship,mlp.linear_fc1,52,51200,0.0367448,0.0322179,0.0345071,0,0,0
34454,flagship,mlp.linear_fc1,53,51200,0.0366758,0.0318057,0.0343439,0,0,0
34454,flagship,mlp.linear_fc1,54,51200,0.0366134,0.0288579,0.0341333,0,0,0
34454,flagship,mlp.linear_fc1,55,51200,0.0364922,0.0310176,0.0339224,0,0,0
34454,flagship,mlp.linear_fc1,56,51200,0.036296,0.0301454,0.0335251,0,0,0
34454,flagship,mlp.linear_fc1,57,51200,0.0360337,0.0271038,0.0329662,0,0,0
34454,flagship,mlp.linear_fc1,58,51200,0.0355128,0.0254772,0.0323256,0,0,0
34454,flagship,mlp.linear_fc1,59,51200,0.0349062,0.024853,0.0315435,0,0,0
34454,flagship,mlp.linear_fc1,60,51200,0.0342242,0.0232578,0.0305123,0,0,0
34454,flagship,mlp.linear_fc1,61,51200,0.0331337,0.0218973,0.0288287,0,0,0
34454,flagship,mlp.linear_fc1,62,51200,0.0317036,0.019148,0.0238007,0,0,0
34454,flagship,mlp.linear_fc1,63,51200,0.0301483,0.0189252,0.020842,0,0,0
34454,flagship,self_attention.linear_qkv,0,10240,0.0327135,0.0172999,0.0181753,0,0,0
34454,flagship,self_attention.linear_qkv,1,10240,0.0324316,0.0179003,0.0221979,0,0,0
34454,flagship,self_attention.linear_qkv,2,10240,0.0353461,0.0137685,0.0190688,0,0,0.00576172
34454,flagship,self_attention.linear_qkv,3,10240,0.0354827,0.00984871,0.0207038,0,0,0.00224609
34454,flagship,self_attention.linear_qkv,4,10240,0.0344483,0.0144189,0.0215255,0,0,0.000195313
34454,flagship,self_attention.linear_qkv,5,10240,0.0345747,0.0188214,0.0227141,0,0,0
34454,flagship,self_attention.linear_qkv,6,10240,0.0350963,0.00612064,0.0200131,0,0.000195313,0.00488281
34454,flagship,self_attention.linear_qkv,7,10240,0.0343712,0.0118551,0.018941,0,0,0.00439453
34454,flagship,self_attention.linear_qkv,8,10240,0.0342188,0.0109595,0.0222066,0,0,0.000488281
34454,flagship,self_attention.linear_qkv,9,10240,0.0330236,0.0155481,0.0222927,0,0,9.76563e-05
34454,flagship,self_attention.linear_qkv,10,10240,0.0327588,0.00764178,0.0211872,0,9.76563e-05,0.000195313
34454,flagship,self_attention.linear_qkv,11,10240,0.0324344,0.0145403,0.0217785,0,0,0.000390625
34454,flagship,self_attention.linear_qkv,12,10240,0.0320812,0.0190934,0.021652,0,0,0
34454,flagship,self_attention.linear_qkv,13,10240,0.0306363,0.0163565,0.0200816,0,0,0
34454,flagship,self_attention.linear_qkv,14,10240,0.0298413,0.017601,0.0191112,0,0,0
34454,flagship,self_attention.linear_qkv,15,10240,0.0307113,0.0146906,0.019418,0,0,9.76563e-05
34454,flagship,self_attention.linear_qkv,16,10240,0.0311978,0.0171115,0.0198022,0,0,0
34454,flagship,self_attention.linear_qkv,17,10240,0.0316361,0.00706644,0.0198287,0,0.000195313,0.00107422
34454,flagship,self_attention.linear_qkv,18,10240,0.0310389,0.0123818,0.0187792,0,0,0.000195313
34454,flagship,self_attention.linear_qkv,19,10240,0.0329419,0.00938666,0.0184728,0,0,0.000683594
34454,flagship,self_attention.linear_qkv,20,10240,0.030985,0.0149381,0.0186942,0,0,0.000195313
34454,flagship,self_attention.linear_qkv,21,10240,0.0302168,0.0156517,0.0199372,0,0,0
34454,flagship,self_attention.linear_qkv,22,10240,0.0330871,0.015302,0.0187685,0,0,0.000585938
34454,flagship,self_attention.linear_qkv,23,10240,0.0317432,0.00712079,0.0184051,0,0.000390625,0.0015625
34454,flagship,self_attention.linear_qkv,24,10240,0.0304532,0.00889467,0.0195709,0,0,0.000878906
34454,flagship,self_attention.linear_qkv,25,10240,0.029178,0.0134726,0.0167746,0,0,0.00078125
34454,flagship,self_attention.linear_qkv,26,10240,0.0289489,0.011072,0.0162241,0,0,0.00117188
34454,flagship,self_attention.linear_qkv,27,10240,0.0321177,0.0129121,0.0181301,0,0,0.00117188
34454,flagship,self_attention.linear_qkv,28,10240,0.0290732,0.0133283,0.0155561,0,0,0.00283203
34454,flagship,self_attention.linear_qkv,29,10240,0.0292721,0.0130751,0.0165536,0,0,0.00185547
34454,flagship,self_attention.linear_qkv,30,10240,0.0300085,0.0131957,0.0167931,0,0,0.000390625
34454,flagship,self_attention.linear_qkv,31,10240,0.0268891,0.0123865,0.0143564,0,0,0.00205078
34454,flagship,self_attention.linear_qkv,32,10240,0.0273957,0.0132202,0.0161262,0,0,9.76563e-05
34454,flagship,self_attention.linear_qkv,33,10240,0.0268598,0.0132111,0.0141148,0,0,0.000878906
34454,flagship,self_attention.linear_qkv,34,10240,0.0286721,0.0102619,0.0147565,0,0,0.00419922
34454,flagship,self_attention.linear_qkv,35,10240,0.0270671,0.0135418,0.0155386,0,0,0
34454,flagship,self_attention.linear_qkv,36,10240,0.0255956,0.0126407,0.0139561,0,0,9.76563e-05
34454,flagship,self_attention.linear_qkv,37,10240,0.0226883,0.0127792,0.0135528,0,0,0
34454,flagship,self_attention.linear_qkv,38,10240,0.0253382,0.0156792,0.0164777,0,0,0
34454,flagship,self_attention.linear_qkv,39,10240,0.023187,0.0135629,0.014213,0,0,0
34454,flagship,self_attention.linear_qkv,40,10240,0.023806,0.0121985,0.013513,0,0,0
34454,flagship,self_attention.linear_qkv,41,10240,0.0231269,0.0128386,0.0136711,0,0,0
34454,flagship,self_attention.linear_qkv,42,10240,0.0219477,0.0128157,0.0134425,0,0,0
34454,flagship,self_attention.linear_qkv,43,10240,0.0225855,0.0122047,0.0136935,0,0,0
34454,flagship,self_attention.linear_qkv,44,10240,0.023209,0.012598,0.0132127,0,0,0
34454,flagship,self_attention.linear_qkv,45,10240,0.0258189,0.0125368,0.0134864,0,0,0.00136719
34454,flagship,self_attention.linear_qkv,46,10240,0.0265008,0.00989317,0.0136869,0,0,0.00566406
34454,flagship,self_attention.linear_qkv,47,10240,0.0251235,0.0128081,0.0137179,0,0,0
34454,flagship,self_attention.linear_qkv,48,10240,0.028123,0.01346,0.0147161,0,0,0.00205078
34454,flagship,self_attention.linear_qkv,49,10240,0.0277486,0.0105401,0.0133517,0,0,0.0239258
34454,flagship,self_attention.linear_qkv,50,10240,0.0262042,0.0125394,0.0140554,0,0,0.00195312
34454,flagship,self_attention.linear_qkv,51,10240,0.0254788,0.0123915,0.0143378,0,0,9.76563e-05
34454,flagship,self_attention.linear_qkv,52,10240,0.0261551,0.0128741,0.0152174,0,0,0.000976562
34454,flagship,self_attention.linear_qkv,53,10240,0.0279613,0.0119276,0.0137175,0,0,0.0134766
34454,flagship,self_attention.linear_qkv,54,10240,0.0273327,0.0114233,0.0135638,0,0,0.012207
34454,flagship,self_attention.linear_qkv,55,10240,0.0282835,0.0156639,0.0174988,0,0,0
34454,flagship,self_attention.linear_qkv,56,10240,0.0273141,0.0142197,0.0171203,0,0,0
34454,flagship,self_attention.linear_qkv,57,10240,0.0283934,0.0127784,0.0163952,0,0,0.00146484
34454,flagship,self_attention.linear_qkv,58,10240,0.027673,0.0160542,0.0179592,0,0,0
34454,flagship,self_attention.linear_qkv,59,10240,0.0273173,0.0157533,0.0171498,0,0,0
34454,flagship,self_attention.linear_qkv,60,10240,0.026491,0.0152843,0.0168695,0,0,0
34454,flagship,self_attention.linear_qkv,61,10240,0.0254089,0.015328,0.016921,0,0,0
34454,flagship,self_attention.linear_qkv,62,10240,0.0227243,0.014559,0.0155541,0,0,0
34454,flagship,self_attention.linear_qkv,63,10240,0.0200044,0.0136757,0.0142169,0,0,0
8000,flagship,self_attention.linear_qkv,0,10240,0.0214708,0.0180168,0.0184335,0,0,0
8000,flagship,self_attention.linear_qkv,1,10240,0.020453,0.0156893,0.0180794,0,0,0
8000,flagship,self_attention.linear_qkv,2,10240,0.0208065,0.00828383,0.0113617,0,0,0.00517578
8000,flagship,self_attention.linear_qkv,3,10240,0.0207562,0.0122621,0.0144329,0,0,0
8000,flagship,self_attention.linear_qkv,4,10240,0.0204865,0.0137548,0.0158695,0,0,0
8000,flagship,self_attention.linear_qkv,5,10240,0.0205727,0.0148918,0.0168446,0,0,0
8000,flagship,self_attention.linear_qkv,6,10240,0.0207704,0.0124757,0.015329,0,0,0
8000,flagship,self_attention.linear_qkv,7,10240,0.0205338,0.00825465,0.0123736,0,0,0.00146484
8000,flagship,self_attention.linear_qkv,8,10240,0.0205116,0.0134229,0.0167755,0,0,0
8000,flagship,self_attention.linear_qkv,9,10240,0.0201521,0.0161943,0.0177431,0,0,0
8000,flagship,self_attention.linear_qkv,10,10240,0.02022,0.0168961,0.018043,0,0,0
8000,flagship,self_attention.linear_qkv,11,10240,0.0201254,0.0158737,0.0175921,0,0,0
8000,flagship,self_attention.linear_qkv,12,10240,0.0200834,0.0177161,0.0184696,0,0,0
8000,flagship,self_attention.linear_qkv,13,10240,0.020029,0.0159411,0.0177633,0,0,0
8000,flagship,self_attention.linear_qkv,14,10240,0.0197387,0.0171276,0.0180559,0,0,0
8000,flagship,self_attention.linear_qkv,15,10240,0.0199808,0.0164727,0.0184836,0,0,0
8000,flagship,self_attention.linear_qkv,16,10240,0.0198146,0.0166339,0.0176959,0,0,0
8000,flagship,self_attention.linear_qkv,17,10240,0.0201791,0.0155766,0.017274,0,0,0
8000,flagship,self_attention.linear_qkv,18,10240,0.0199852,0.0151705,0.0163973,0,0,0
8000,flagship,self_attention.linear_qkv,19,10240,0.0201572,0.0126868,0.0147942,0,0,0
8000,flagship,self_attention.linear_qkv,20,10240,0.0198971,0.0140951,0.0163763,0,0,0
8000,flagship,self_attention.linear_qkv,21,10240,0.0200115,0.0115743,0.0147143,0,0,0
8000,flagship,self_attention.linear_qkv,22,10240,0.0201566,0.0104639,0.0135408,0,0,0
8000,flagship,self_attention.linear_qkv,23,10240,0.020235,0.0137588,0.0159571,0,0,0
8000,flagship,self_attention.linear_qkv,24,10240,0.0201002,0.0113396,0.0151685,0,0,0
8000,flagship,self_attention.linear_qkv,25,10240,0.0198647,0.0123967,0.0145787,0,0,0
8000,flagship,self_attention.linear_qkv,26,10240,0.0199017,0.0139924,0.015779,0,0,0
8000,flagship,self_attention.linear_qkv,27,10240,0.020163,0.0120348,0.0140131,0,0,0
8000,flagship,self_attention.linear_qkv,28,10240,0.0200107,0.0149785,0.0164455,0,0,0
8000,flagship,self_attention.linear_qkv,29,10240,0.0199636,0.0140711,0.015598,0,0,0
8000,flagship,self_attention.linear_qkv,30,10240,0.0200982,0.0147457,0.0160477,0,0,0
8000,flagship,self_attention.linear_qkv,31,10240,0.0197208,0.0163451,0.0174499,0,0,0
8000,flagship,self_attention.linear_qkv,32,10240,0.0197641,0.0149723,0.0165126,0,0,0
8000,flagship,self_attention.linear_qkv,33,10240,0.0197239,0.0160527,0.0172869,0,0,0
8000,flagship,self_attention.linear_qkv,34,10240,0.0199897,0.0164558,0.0170933,0,0,0
8000,flagship,self_attention.linear_qkv,35,10240,0.0197721,0.0157884,0.0174433,0,0,0
8000,flagship,self_attention.linear_qkv,36,10240,0.019653,0.0161154,0.0174026,0,0,0
8000,flagship,self_attention.linear_qkv,37,10240,0.0194906,0.0173308,0.0177697,0,0,0
8000,flagship,self_attention.linear_qkv,38,10240,0.0195656,0.0157934,0.0180431,0,0,0
8000,flagship,self_attention.linear_qkv,39,10240,0.0194657,0.0169314,0.0177892,0,0,0
8000,flagship,self_attention.linear_qkv,40,10240,0.019545,0.0170126,0.0176692,0,0,0
8000,flagship,self_attention.linear_qkv,41,10240,0.0195062,0.0169098,0.0177029,0,0,0
8000,flagship,self_attention.linear_qkv,42,10240,0.019466,0.0172808,0.0177527,0,0,0
8000,flagship,self_attention.linear_qkv,43,10240,0.0194778,0.0171114,0.0176805,0,0,0
8000,flagship,self_attention.linear_qkv,44,10240,0.0195177,0.0172461,0.017718,0,0,0
8000,flagship,self_attention.linear_qkv,45,10240,0.0196299,0.0164087,0.0171752,0,0,0
8000,flagship,self_attention.linear_qkv,46,10240,0.0196839,0.0164174,0.0170625,0,0,0
8000,flagship,self_attention.linear_qkv,47,10240,0.019562,0.0158078,0.0172959,0,0,0
8000,flagship,self_attention.linear_qkv,48,10240,0.0200119,0.015049,0.0170573,0,0,0
8000,flagship,self_attention.linear_qkv,49,10240,0.0198316,0.0146708,0.0159868,0,0,0
8000,flagship,self_attention.linear_qkv,50,10240,0.019723,0.0152839,0.0175553,0,0,0
8000,flagship,self_attention.linear_qkv,51,10240,0.0197956,0.0163879,0.0174092,0,0,0
8000,flagship,self_attention.linear_qkv,52,10240,0.0197108,0.0164627,0.0175637,0,0,0
8000,flagship,self_attention.linear_qkv,53,10240,0.0200016,0.0151311,0.0164565,0,0,0
8000,flagship,self_attention.linear_qkv,54,10240,0.0199163,0.0163302,0.017084,0,0,0
8000,flagship,self_attention.linear_qkv,55,10240,0.0199565,0.014404,0.0170754,0,0,0
8000,flagship,self_attention.linear_qkv,56,10240,0.0199577,0.0160418,0.0172324,0,0,0
8000,flagship,self_attention.linear_qkv,57,10240,0.0200472,0.0137454,0.015703,0,0,0
8000,flagship,self_attention.linear_qkv,58,10240,0.019891,0.016304,0.0176379,0,0,0
8000,flagship,self_attention.linear_qkv,59,10240,0.0198859,0.0170057,0.0179381,0,0,0
8000,flagship,self_attention.linear_qkv,60,10240,0.0197648,0.0170111,0.0177967,0,0,0
8000,flagship,self_attention.linear_qkv,61,10240,0.0198223,0.0158603,0.0179577,0,0,0
8000,flagship,self_attention.linear_qkv,62,10240,0.0196057,0.0170815,0.0179702,0,0,0
8000,flagship,self_attention.linear_qkv,63,10240,0.0195128,0.017177,0.0179856,0,0,0
8000,flagship,self_attention.linear_proj,0,5120,0.00790722,0.00734387,0.00753374,0,0,0
8000,flagship,self_attention.linear_proj,1,5120,0.00784531,0.00725514,0.00742659,0,0,0
8000,flagship,self_attention.linear_proj,2,5120,0.00840807,0.00766958,0.0079766,0,0,0
8000,flagship,self_attention.linear_proj,3,5120,0.00875466,0.00807219,0.00832902,0,0,0
8000,flagship,self_attention.linear_proj,4,5120,0.00867622,0.00788017,0.00823183,0,0,0
8000,flagship,self_attention.linear_proj,5,5120,0.00937145,0.00862974,0.00885979,0,0,0
8000,flagship,self_attention.linear_proj,6,5120,0.00993881,0.00901699,0.00935014,0,0,0
8000,flagship,self_attention.linear_proj,7,5120,0.0105198,0.00970176,0.010015,0,0,0
8000,flagship,self_attention.linear_proj,8,5120,0.00971513,0.0090144,0.00926411,0,0,0
8000,flagship,self_attention.linear_proj,9,5120,0.0089689,0.00831479,0.0085365,0,0,0
8000,flagship,self_attention.linear_proj,10,5120,0.00914918,0.00852453,0.00872076,0,0,0
8000,flagship,self_attention.linear_proj,11,5120,0.00902592,0.00838816,0.00858916,0,0,0
8000,flagship,self_attention.linear_proj,12,5120,0.00889622,0.00821891,0.00845709,0,0,0
8000,flagship,self_attention.linear_proj,13,5120,0.0088585,0.00808306,0.00839277,0,0,0
8000,flagship,self_attention.linear_proj,14,5120,0.0086546,0.00797638,0.00821029,0,0,0
8000,flagship,self_attention.linear_proj,15,5120,0.00894263,0.00830173,0.00851044,0,0,0
8000,flagship,self_attention.linear_proj,16,5120,0.00877586,0.00813084,0.00833705,0,0,0
8000,flagship,self_attention.linear_proj,17,5120,0.00979759,0.00906824,0.00932201,0,0,0
8000,flagship,self_attention.linear_proj,18,5120,0.00903364,0.00837222,0.00860855,0,0,0
8000,flagship,self_attention.linear_proj,19,5120,0.00972962,0.00902321,0.00929376,0,0,0
8000,flagship,self_attention.linear_proj,20,5120,0.00905861,0.00838967,0.00861057,0,0,0
8000,flagship,self_attention.linear_proj,21,5120,0.00924635,0.00853766,0.00878859,0,0,0
8000,flagship,self_attention.linear_proj,22,5120,0.0104903,0.00960098,0.00997626,0,0,0
8000,flagship,self_attention.linear_proj,23,5120,0.0101798,0.00945721,0.00970672,0,0,0
8000,flagship,self_attention.linear_proj,24,5120,0.0100831,0.00931171,0.00962272,0,0,0
8000,flagship,self_attention.linear_proj,25,5120,0.00975257,0.00897532,0.00928865,0,0,0
8000,flagship,self_attention.linear_proj,26,5120,0.00944778,0.00875252,0.00900404,0,0,0
8000,flagship,self_attention.linear_proj,27,5120,0.0107515,0.0097818,0.0102556,0,0,0
8000,flagship,self_attention.linear_proj,28,5120,0.00965479,0.00902681,0.0092221,0,0,0
8000,flagship,self_attention.linear_proj,29,5120,0.00998897,0.00917694,0.00954038,0,0,0
8000,flagship,self_attention.linear_proj,30,5120,0.0101332,0.00951403,0.00967905,0,0,0
8000,flagship,self_attention.linear_proj,31,5120,0.00914441,0.0084636,0.00871171,0,0,0
8000,flagship,self_attention.linear_proj,32,5120,0.0093324,0.00861687,0.00888834,0,0,0
8000,flagship,self_attention.linear_proj,33,5120,0.00926016,0.00854854,0.00882579,0,0,0
8000,flagship,self_attention.linear_proj,34,5120,0.00965118,0.0088793,0.00920855,0,0,0
8000,flagship,self_attention.linear_proj,35,5120,0.00930209,0.00868004,0.00886779,0,0,0
8000,flagship,self_attention.linear_proj,36,5120,0.00906095,0.00837044,0.00863216,0,0,0
8000,flagship,self_attention.linear_proj,37,5120,0.00880056,0.00809294,0.00834471,0,0,0
8000,flagship,self_attention.linear_proj,38,5120,0.00901781,0.00837894,0.00858436,0,0,0
8000,flagship,self_attention.linear_proj,39,5120,0.00877804,0.00801312,0.00832758,0,0,0
8000,flagship,self_attention.linear_proj,40,5120,0.0088994,0.00809789,0.00847379,0,0,0
8000,flagship,self_attention.linear_proj,41,5120,0.00878391,0.00803804,0.00833464,0,0,0
8000,flagship,self_attention.linear_proj,42,5120,0.0087548,0.00800677,0.0083203,0,0,0
8000,flagship,self_attention.linear_proj,43,5120,0.00877084,0.0080964,0.00832333,0,0,0
8000,flagship,self_attention.linear_proj,44,5120,0.00881428,0.0080919,0.00837841,0,0,0
8000,flagship,self_attention.linear_proj,45,5120,0.0091538,0.00846963,0.00871656,0,0,0
8000,flagship,self_attention.linear_proj,46,5120,0.00925809,0.00840168,0.00882792,0,0,0
8000,flagship,self_attention.linear_proj,47,5120,0.00891214,0.00806404,0.00847364,0,0,0
8000,flagship,self_attention.linear_proj,48,5120,0.00973923,0.00911629,0.00930766,0,0,0
8000,flagship,self_attention.linear_proj,49,5120,0.00975482,0.00874791,0.00928087,0,0,0
8000,flagship,self_attention.linear_proj,50,5120,0.00888502,0.00824484,0.00843458,0,0,0
8000,flagship,self_attention.linear_proj,51,5120,0.00922778,0.00852455,0.00880114,0,0,0
8000,flagship,self_attention.linear_proj,52,5120,0.00890572,0.00822095,0.00847691,0,0,0
8000,flagship,self_attention.linear_proj,53,5120,0.00971199,0.00869018,0.0092314,0,0,0
8000,flagship,self_attention.linear_proj,54,5120,0.00935891,0.00854682,0.00890175,0,0,0
8000,flagship,self_attention.linear_proj,55,5120,0.00954037,0.0087054,0.00905135,0,0,0
8000,flagship,self_attention.linear_proj,56,5120,0.00917142,0.00845291,0.0087336,0,0,0
8000,flagship,self_attention.linear_proj,57,5120,0.00944209,0.00858015,0.00890664,0,0,0
8000,flagship,self_attention.linear_proj,58,5120,0.0089573,0.00809474,0.00845477,0,0,0
8000,flagship,self_attention.linear_proj,59,5120,0.00867015,0.00790368,0.00816825,0,0,0
8000,flagship,self_attention.linear_proj,60,5120,0.00801566,0.00731495,0.00754288,0,0,0
8000,flagship,self_attention.linear_proj,61,5120,0.00782374,0.00689121,0.00728205,0,0,0
8000,flagship,self_attention.linear_proj,62,5120,0.00686129,0.00607221,0.00636063,0,0,0
8000,flagship,self_attention.linear_proj,63,5120,0.00565211,0.00492961,0.00511655,0,0,0
8000,flagship,mlp.linear_fc2,0,5120,0.00931787,0.00887973,0.00907564,0,0,0
8000,flagship,mlp.linear_fc2,1,5120,0.0097699,0.0093601,0.00954202,0,0,0
8000,flagship,mlp.linear_fc2,2,5120,0.0096066,0.00901555,0.00930915,0,0,0
8000,flagship,mlp.linear_fc2,3,5120,0.00951724,0.00881654,0.00921632,0,0,0
8000,flagship,mlp.linear_fc2,4,5120,0.00946417,0.00871934,0.00911041,0,0,0
8000,flagship,mlp.linear_fc2,5,5120,0.00941088,0.00851311,0.00902864,0,0,0
8000,flagship,mlp.linear_fc2,6,5120,0.0094917,0.00866881,0.009117,0,0,0
8000,flagship,mlp.linear_fc2,7,5120,0.00979137,0.00935074,0.00957324,0,0,0
8000,flagship,mlp.linear_fc2,8,5120,0.00998583,0.00957779,0.00978717,0,0,0
8000,flagship,mlp.linear_fc2,9,5120,0.0100883,0.00964749,0.00988311,0,0,0
8000,flagship,mlp.linear_fc2,10,5120,0.010171,0.00985014,0.00997478,0,0,0
8000,flagship,mlp.linear_fc2,11,5120,0.0102342,0.00987024,0.0100403,0,0,0
8000,flagship,mlp.linear_fc2,12,5120,0.010278,0.00997812,0.0100742,0,0,0
8000,flagship,mlp.linear_fc2,13,5120,0.0103118,0.0099678,0.0101025,0,0,0
8000,flagship,mlp.linear_fc2,14,5120,0.0103256,0.00999118,0.0101172,0,0,0
8000,flagship,mlp.linear_fc2,15,5120,0.0103325,0.00992264,0.010116,0,0,0
8000,flagship,mlp.linear_fc2,16,5120,0.0103017,0.00990249,0.0100793,0,0,0
8000,flagship,mlp.linear_fc2,17,5120,0.0103233,0.00993164,0.0101109,0,0,0
8000,flagship,mlp.linear_fc2,18,5120,0.0103284,0.00991552,0.0101069,0,0,0
8000,flagship,mlp.linear_fc2,19,5120,0.0103742,0.00997174,0.0101582,0,0,0
8000,flagship,mlp.linear_fc2,20,5120,0.010379,0.0100216,0.0101573,0,0,0
8000,flagship,mlp.linear_fc2,21,5120,0.0103735,0.0098899,0.0101326,0,0,0
8000,flagship,mlp.linear_fc2,22,5120,0.0104109,0.0100698,0.0101949,0,0,0
8000,flagship,mlp.linear_fc2,23,5120,0.0104345,0.0100435,0.0102196,0,0,0
8000,flagship,mlp.linear_fc2,24,5120,0.0104937,0.010129,0.010296,0,0,0
8000,flagship,mlp.linear_fc2,25,5120,0.0105317,0.010135,0.0103406,0,0,0
8000,flagship,mlp.linear_fc2,26,5120,0.0105522,0.0102729,0.0103558,0,0,0
8000,flagship,mlp.linear_fc2,27,5120,0.0106087,0.0102805,0.0104238,0,0,0
8000,flagship,mlp.linear_fc2,28,5120,0.0106377,0.0103432,0.0104555,0,0,0
8000,flagship,mlp.linear_fc2,29,5120,0.0106692,0.0103553,0.0104933,0,0,0
8000,flagship,mlp.linear_fc2,30,5120,0.0106982,0.0104161,0.0105192,0,0,0
8000,flagship,mlp.linear_fc2,31,5120,0.0107271,0.0104527,0.0105488,0,0,0
8000,flagship,mlp.linear_fc2,32,5120,0.010757,0.0104352,0.0105773,0,0,0
8000,flagship,mlp.linear_fc2,33,5120,0.0107803,0.0104578,0.0106051,0,0,0
8000,flagship,mlp.linear_fc2,34,5120,0.0108092,0.0104999,0.0106318,0,0,0
8000,flagship,mlp.linear_fc2,35,5120,0.0108311,0.0105559,0.0106566,0,0,0
8000,flagship,mlp.linear_fc2,36,5120,0.0108557,0.0105082,0.010684,0,0,0
8000,flagship,mlp.linear_fc2,37,5120,0.010879,0.0105554,0.0107075,0,0,0
8000,flagship,mlp.linear_fc2,38,5120,0.0109031,0.0106322,0.0107245,0,0,0
8000,flagship,mlp.linear_fc2,39,5120,0.0109221,0.0105795,0.01074,0,0,0
8000,flagship,mlp.linear_fc2,40,5120,0.0109378,0.01067,0.0107634,0,0,0
8000,flagship,mlp.linear_fc2,41,5120,0.0109542,0.0107101,0.0107787,0,0,0
8000,flagship,mlp.linear_fc2,42,5120,0.0109758,0.010647,0.0107992,0,0,0
8000,flagship,mlp.linear_fc2,43,5120,0.0109821,0.0107029,0.0108025,0,0,0
8000,flagship,mlp.linear_fc2,44,5120,0.0109968,0.0107122,0.0108133,0,0,0
8000,flagship,mlp.linear_fc2,45,5120,0.0110128,0.0107411,0.0108315,0,0,0
8000,flagship,mlp.linear_fc2,46,5120,0.0110017,0.0107071,0.0108152,0,0,0
8000,flagship,mlp.linear_fc2,47,5120,0.0110146,0.0107373,0.0108398,0,0,0
8000,flagship,mlp.linear_fc2,48,5120,0.0110221,0.0107408,0.0108338,0,0,0
8000,flagship,mlp.linear_fc2,49,5120,0.0110262,0.0106693,0.0108382,0,0,0
8000,flagship,mlp.linear_fc2,50,5120,0.0109977,0.0106741,0.0107997,0,0,0
8000,flagship,mlp.linear_fc2,51,5120,0.0109812,0.0106505,0.0107844,0,0,0
8000,flagship,mlp.linear_fc2,52,5120,0.0109494,0.0106205,0.0107456,0,0,0
8000,flagship,mlp.linear_fc2,53,5120,0.0109133,0.0105443,0.0107054,0,0,0
8000,flagship,mlp.linear_fc2,54,5120,0.0108475,0.010422,0.0106382,0,0,0
8000,flagship,mlp.linear_fc2,55,5120,0.0107722,0.0104231,0.010546,0,0,0
8000,flagship,mlp.linear_fc2,56,5120,0.0106567,0.0102746,0.0104173,0,0,0
8000,flagship,mlp.linear_fc2,57,5120,0.010497,0.00998351,0.0102348,0,0,0
8000,flagship,mlp.linear_fc2,58,5120,0.0102599,0.00964621,0.00997868,0,0,0
8000,flagship,mlp.linear_fc2,59,5120,0.00989937,0.00919676,0.00957764,0,0,0
8000,flagship,mlp.linear_fc2,60,5120,0.00955012,0.00872398,0.0091833,0,0,0
8000,flagship,mlp.linear_fc2,61,5120,0.00895951,0.00814677,0.00848694,0,0,0
8000,flagship,mlp.linear_fc2,62,5120,0.00833947,0.0072844,0.00771804,0,0,0
8000,flagship,mlp.linear_fc2,63,5120,0.00758556,0.00583874,0.00648559,0,0,0
8000,flagship,mlp.linear_fc1,0,51200,0.0206236,0.0190144,0.0197752,0,0,0
8000,flagship,mlp.linear_fc1,1,51200,0.0207869,0.0189094,0.0200239,0,0,0
8000,flagship,mlp.linear_fc1,2,51200,0.0206857,0.0190306,0.0198295,0,0,0
8000,flagship,mlp.linear_fc1,3,51200,0.0204534,0.0186069,0.0196423,0,0,0
8000,flagship,mlp.linear_fc1,4,51200,0.020326,0.0189578,0.0195965,0,0,0
8000,flagship,mlp.linear_fc1,5,51200,0.0202024,0.0187757,0.0195015,0,0,0
8000,flagship,mlp.linear_fc1,6,51200,0.0202496,0.0188602,0.0195386,0,0,0
8000,flagship,mlp.linear_fc1,7,51200,0.020459,0.0192234,0.0197762,0,0,0
8000,flagship,mlp.linear_fc1,8,51200,0.0206114,0.0193198,0.0199889,0,0,0
8000,flagship,mlp.linear_fc1,9,51200,0.0207086,0.0197319,0.0201155,0,0,0
8000,flagship,mlp.linear_fc1,10,51200,0.0207947,0.0197554,0.0201953,0,0,0
8000,flagship,mlp.linear_fc1,11,51200,0.0208669,0.0198406,0.0202893,0,0,0
8000,flagship,mlp.linear_fc1,12,51200,0.0209255,0.0197869,0.0203616,0,0,0
8000,flagship,mlp.linear_fc1,13,51200,0.0209702,0.0199285,0.0204098,0,0,0
8000,flagship,mlp.linear_fc1,14,51200,0.0210028,0.0198353,0.0204465,0,0,0
8000,flagship,mlp.linear_fc1,15,51200,0.0210261,0.0200207,0.0204761,0,0,0
8000,flagship,mlp.linear_fc1,16,51200,0.0210287,0.0201263,0.0204762,0,0,0
8000,flagship,mlp.linear_fc1,17,51200,0.0210548,0.020171,0.0205041,0,0,0
8000,flagship,mlp.linear_fc1,18,51200,0.0210754,0.0200712,0.0205248,0,0,0
8000,flagship,mlp.linear_fc1,19,51200,0.0211143,0.0201898,0.020576,0,0,0
8000,flagship,mlp.linear_fc1,20,51200,0.021129,0.0201257,0.0205912,0,0,0
8000,flagship,mlp.linear_fc1,21,51200,0.0211325,0.0201901,0.0205832,0,0,0
8000,flagship,mlp.linear_fc1,22,51200,0.0211643,0.0201596,0.0206222,0,0,0
8000,flagship,mlp.linear_fc1,23,51200,0.0211833,0.0202264,0.0206404,0,0,0
8000,flagship,mlp.linear_fc1,24,51200,0.0212376,0.0200802,0.0206984,0,0,0
8000,flagship,mlp.linear_fc1,25,51200,0.0212737,0.0203239,0.0207275,0,0,0
8000,flagship,mlp.linear_fc1,26,51200,0.0212942,0.0202934,0.0207539,0,0,0
8000,flagship,mlp.linear_fc1,27,51200,0.0213421,0.0203532,0.0207913,0,0,0
8000,flagship,mlp.linear_fc1,28,51200,0.0213728,0.0200025,0.0208302,0,0,0
8000,flagship,mlp.linear_fc1,29,51200,0.0214052,0.0202411,0.0208621,0,0,0
8000,flagship,mlp.linear_fc1,30,51200,0.0214378,0.0205329,0.0208894,0,0,0
8000,flagship,mlp.linear_fc1,31,51200,0.0214712,0.0205945,0.0209303,0,0,0
8000,flagship,mlp.linear_fc1,32,51200,0.0215043,0.0203972,0.0209586,0,0,0
8000,flagship,mlp.linear_fc1,33,51200,0.0215369,0.0206172,0.0209974,0,0,0
8000,flagship,mlp.linear_fc1,34,51200,0.0215655,0.0205501,0.021023,0,0,0
8000,flagship,mlp.linear_fc1,35,51200,0.0215972,0.020707,0.021055,0,0,0
8000,flagship,mlp.linear_fc1,36,51200,0.0216264,0.0207546,0.0210757,0,0,0
8000,flagship,mlp.linear_fc1,37,51200,0.0216561,0.0206764,0.0211024,0,0,0
8000,flagship,mlp.linear_fc1,38,51200,0.0216823,0.0208152,0.0211372,0,0,0
8000,flagship,mlp.linear_fc1,39,51200,0.0217069,0.0207745,0.0211537,0,0,0
8000,flagship,mlp.linear_fc1,40,51200,0.0217321,0.0208305,0.0211776,0,0,0
8000,flagship,mlp.linear_fc1,41,51200,0.0217602,0.0208218,0.0212055,0,0,0
8000,flagship,mlp.linear_fc1,42,51200,0.02178,0.0208176,0.0212218,0,0,0
8000,flagship,mlp.linear_fc1,43,51200,0.0218021,0.0207953,0.0212378,0,0,0
8000,flagship,mlp.linear_fc1,44,51200,0.0218226,0.0208924,0.021256,0,0,0
8000,flagship,mlp.linear_fc1,45,51200,0.0218372,0.0207727,0.0212705,0,0,0
8000,flagship,mlp.linear_fc1,46,51200,0.0218557,0.0209014,0.0212653,0,0,0
8000,flagship,mlp.linear_fc1,47,51200,0.0218675,0.0207839,0.0212802,0,0,0
8000,flagship,mlp.linear_fc1,48,51200,0.0218775,0.020765,0.0212938,0,0,0
8000,flagship,mlp.linear_fc1,49,51200,0.0218894,0.020828,0.0212904,0,0,0
8000,flagship,mlp.linear_fc1,50,51200,0.0218935,0.0208206,0.0212822,0,0,0
8000,flagship,mlp.linear_fc1,51,51200,0.0218956,0.0209,0.0212699,0,0,0
8000,flagship,mlp.linear_fc1,52,51200,0.0218969,0.0206602,0.0212565,0,0,0
8000,flagship,mlp.linear_fc1,53,51200,0.0218916,0.0207158,0.0212255,0,0,0
8000,flagship,mlp.linear_fc1,54,51200,0.0218807,0.020434,0.0211724,0,0,0
8000,flagship,mlp.linear_fc1,55,51200,0.0218697,0.0201773,0.0210841,0,0,0
8000,flagship,mlp.linear_fc1,56,51200,0.0218475,0.0202014,0.0209987,0,0,0
8000,flagship,mlp.linear_fc1,57,51200,0.0218123,0.0198244,0.0208798,0,0,0
8000,flagship,mlp.linear_fc1,58,51200,0.0217675,0.019638,0.0207234,0,0,0
8000,flagship,mlp.linear_fc1,59,51200,0.0217051,0.0197548,0.0205379,0,0,0
8000,flagship,mlp.linear_fc1,60,51200,0.0216275,0.0196299,0.0202946,0,0,0
8000,flagship,mlp.linear_fc1,61,51200,0.0214845,0.0193933,0.0200826,0,0,0
8000,flagship,mlp.linear_fc1,62,51200,0.0212088,0.0191701,0.0197396,0,0,0
8000,flagship,mlp.linear_fc1,63,51200,0.0206374,0.0185927,0.0193708,0,0,0
75126,flagship,mlp.linear_fc1,0,51200,0.0349248,0.0258327,0.0300084,0,0,0
75126,flagship,mlp.linear_fc1,1,51200,0.042875,0.0340256,0.0390062,0,0,0
75126,flagship,mlp.linear_fc1,2,51200,0.0444475,0.0340864,0.0405775,0,0,0
75126,flagship,mlp.linear_fc1,3,51200,0.0435224,0.0329514,0.039054,0,0,0
75126,flagship,mlp.linear_fc1,4,51200,0.0430469,0.029922,0.0381829,0,0,0
75126,flagship,mlp.linear_fc1,5,51200,0.0423715,0.0318668,0.0371727,0,0,0
75126,flagship,mlp.linear_fc1,6,51200,0.0421642,0.0293575,0.0370735,0,0,0
75126,flagship,mlp.linear_fc1,7,51200,0.0425797,0.0322794,0.0368792,0,0,0
75126,flagship,mlp.linear_fc1,8,51200,0.0427684,0.0325077,0.0375238,0,0,0
75126,flagship,mlp.linear_fc1,9,51200,0.0429836,0.0320722,0.0381581,0,0,0
75126,flagship,mlp.linear_fc1,10,51200,0.043019,0.0312659,0.0383049,0,0,0
75126,flagship,mlp.linear_fc1,11,51200,0.0430963,0.0337532,0.0389611,0,0,0
75126,flagship,mlp.linear_fc1,12,51200,0.0430676,0.0336484,0.0392663,0,0,0
75126,flagship,mlp.linear_fc1,13,51200,0.0431352,0.0350304,0.0394799,0,0,0
75126,flagship,mlp.linear_fc1,14,51200,0.0430977,0.0357797,0.0394422,0,0,0
75126,flagship,mlp.linear_fc1,15,51200,0.0427804,0.0332367,0.0390129,0,0,0
75126,flagship,mlp.linear_fc1,16,51200,0.0423455,0.0331428,0.0385329,0,0,0
75126,flagship,mlp.linear_fc1,17,51200,0.0418521,0.0306785,0.0377791,0,0,0
75126,flagship,mlp.linear_fc1,18,51200,0.0418439,0.0315654,0.0378301,0,0,0
75126,flagship,mlp.linear_fc1,19,51200,0.0418196,0.0327562,0.0379771,0,0,0
75126,flagship,mlp.linear_fc1,20,51200,0.0416943,0.0346915,0.03779,0,0,0
75126,flagship,mlp.linear_fc1,21,51200,0.0416275,0.0329548,0.0377127,0,0,0
75126,flagship,mlp.linear_fc1,22,51200,0.0417561,0.0350005,0.0381493,0,0,0
75126,flagship,mlp.linear_fc1,23,51200,0.041622,0.0323725,0.0380473,0,0,0
75126,flagship,mlp.linear_fc1,24,51200,0.0418157,0.0324378,0.0382819,0,0,0
75126,flagship,mlp.linear_fc1,25,51200,0.041954,0.0297236,0.038422,0,0,0
75126,flagship,mlp.linear_fc1,26,51200,0.0419743,0.0314953,0.0385485,0,0,0
75126,flagship,mlp.linear_fc1,27,51200,0.042113,0.0287951,0.0387159,0,0,0
75126,flagship,mlp.linear_fc1,28,51200,0.0421695,0.0328699,0.0389705,0,0,0
75126,flagship,mlp.linear_fc1,29,51200,0.0421777,0.030208,0.0390623,0,0,0
75126,flagship,mlp.linear_fc1,30,51200,0.0421114,0.0312782,0.0390363,0,0,0
75126,flagship,mlp.linear_fc1,31,51200,0.0422305,0.0287739,0.0393243,0,0,0
75126,flagship,mlp.linear_fc1,32,51200,0.0424438,0.0317936,0.0396477,0,0,0
75126,flagship,mlp.linear_fc1,33,51200,0.0426196,0.0325718,0.0399458,0,0,0
75126,flagship,mlp.linear_fc1,34,51200,0.0427498,0.0303666,0.0401379,0,0,0
75126,flagship,mlp.linear_fc1,35,51200,0.0429051,0.0302694,0.040358,0,0,0
75126,flagship,mlp.linear_fc1,36,51200,0.0430219,0.0349429,0.0404801,0,0,0
75126,flagship,mlp.linear_fc1,37,51200,0.0431492,0.0373124,0.0406939,0,0,0
75126,flagship,mlp.linear_fc1,38,51200,0.0432042,0.0355461,0.0407467,0,0,0
75126,flagship,mlp.linear_fc1,39,51200,0.0432859,0.038725,0.0408265,0,0,0
75126,flagship,mlp.linear_fc1,40,51200,0.0433135,0.03665,0.0408505,0,0,0
75126,flagship,mlp.linear_fc1,41,51200,0.0433287,0.0378828,0.0408275,0,0,0
75126,flagship,mlp.linear_fc1,42,51200,0.0433201,0.0383003,0.0408281,0,0,0
75126,flagship,mlp.linear_fc1,43,51200,0.0433534,0.0308533,0.0407946,0,0,0
75126,flagship,mlp.linear_fc1,44,51200,0.0433667,0.0391913,0.0407778,0,0,0
75126,flagship,mlp.linear_fc1,45,51200,0.0433291,0.0336154,0.0407109,0,0,0
75126,flagship,mlp.linear_fc1,46,51200,0.0433332,0.038471,0.0406372,0,0,0
75126,flagship,mlp.linear_fc1,47,51200,0.0433011,0.0389252,0.0405709,0,0,0
75126,flagship,mlp.linear_fc1,48,51200,0.0432922,0.0385687,0.0404605,0,0,0
75126,flagship,mlp.linear_fc1,49,51200,0.043226,0.034372,0.040277,0,0,0
75126,flagship,mlp.linear_fc1,50,51200,0.0432445,0.0366069,0.0401563,0,0,0
75126,flagship,mlp.linear_fc1,51,51200,0.0432204,0.0378569,0.0399785,0,0,0
75126,flagship,mlp.linear_fc1,52,51200,0.0432556,0.0382444,0.0398093,0,0,0
75126,flagship,mlp.linear_fc1,53,51200,0.0432548,0.0342742,0.0394414,0,0,0
75126,flagship,mlp.linear_fc1,54,51200,0.0432961,0.0302958,0.0390175,0,0,0
75126,flagship,mlp.linear_fc1,55,51200,0.0433264,0.032897,0.0385912,0,0,0
75126,flagship,mlp.linear_fc1,56,51200,0.0434165,0.03146,0.0378765,0,0,0
75126,flagship,mlp.linear_fc1,57,51200,0.0433744,0.0257539,0.0369901,0,0,0
75126,flagship,mlp.linear_fc1,58,51200,0.0429767,0.0257223,0.0360114,0,0,0
75126,flagship,mlp.linear_fc1,59,51200,0.0420642,0.0263469,0.0349228,0,0,0
75126,flagship,mlp.linear_fc1,60,51200,0.0409045,0.0221472,0.0334621,0,0,0
75126,flagship,mlp.linear_fc1,61,51200,0.0393339,0.0191788,0.0314107,0,0,1.95312e-05
75126,flagship,mlp.linear_fc1,62,51200,0.0366109,0.0175955,0.0248499,0,0,0.000195313
75126,flagship,mlp.linear_fc1,63,51200,0.03257,0.0198055,0.0225995,0,0,0
75126,flagship,self_attention.linear_qkv,0,10240,0.0361757,0.0224633,0.0258997,0,0,0
75126,flagship,self_attention.linear_qkv,1,10240,0.0385335,0.0210644,0.0265944,0,0,0
75126,flagship,self_attention.linear_qkv,2,10240,0.0418724,0.0196728,0.0256975,0,0,0.000488281
75126,flagship,self_attention.linear_qkv,3,10240,0.0426316,0.0144302,0.0275604,0,0,0.000585938
75126,flagship,self_attention.linear_qkv,4,10240,0.0419216,0.0192327,0.028306,0,0,0.00078125
75126,flagship,self_attention.linear_qkv,5,10240,0.0421644,0.0190064,0.0288976,0,0,0.000488281
75126,flagship,self_attention.linear_qkv,6,10240,0.0423732,0.00982985,0.0256381,0,0.000195313,0.003125
75126,flagship,self_attention.linear_qkv,7,10240,0.0417097,0.0169597,0.025028,0,0,0.00146484
75126,flagship,self_attention.linear_qkv,8,10240,0.0419162,0.0182766,0.0279082,0,0,0.000292969
75126,flagship,self_attention.linear_qkv,9,10240,0.0411178,0.0183667,0.027156,0,0,9.76563e-05
75126,flagship,self_attention.linear_qkv,10,10240,0.0407471,0.0129868,0.0260555,0,0,0.000585938
75126,flagship,self_attention.linear_qkv,11,10240,0.0406254,0.0186188,0.0269072,0,0,0.000195313
75126,flagship,self_attention.linear_qkv,12,10240,0.0400758,0.0171167,0.0265565,0,0,0.000292969
75126,flagship,self_attention.linear_qkv,13,10240,0.0389939,0.0210421,0.025296,0,0,0
75126,flagship,self_attention.linear_qkv,14,10240,0.0384574,0.0163625,0.0234807,0,0,0.000488281
75126,flagship,self_attention.linear_qkv,15,10240,0.0394416,0.0166302,0.0224786,0,0,0.00244141
75126,flagship,self_attention.linear_qkv,16,10240,0.0398805,0.0187489,0.0242568,0,0,0.000292969
75126,flagship,self_attention.linear_qkv,17,10240,0.0402619,0.00932243,0.0239981,0,9.76563e-05,0.000976562
75126,flagship,self_attention.linear_qkv,18,10240,0.0403996,0.016204,0.0228053,0,0,0.000585938
75126,flagship,self_attention.linear_qkv,19,10240,0.0410007,0.0132473,0.0216357,0,0,0.0046875
75126,flagship,self_attention.linear_qkv,20,10240,0.0399106,0.0187913,0.0228437,0,0,0.000683594
75126,flagship,self_attention.linear_qkv,21,10240,0.0388694,0.016193,0.0229105,0,0,0.000683594
75126,flagship,self_attention.linear_qkv,22,10240,0.0415082,0.0167957,0.023164,0,0,0.00380859
75126,flagship,self_attention.linear_qkv,23,10240,0.0397766,0.00981342,0.0218205,0,9.76563e-05,0.00576172
75126,flagship,self_attention.linear_qkv,24,10240,0.0386992,0.0116129,0.0246735,0,0,0.000878906
75126,flagship,self_attention.linear_qkv,25,10240,0.0378366,0.0129179,0.0202667,0,0,0.00585938
75126,flagship,self_attention.linear_qkv,26,10240,0.0375554,0.0127115,0.0191158,0,0,0.00869141
75126,flagship,self_attention.linear_qkv,27,10240,0.0394963,0.0113246,0.0226858,0,0,0.00126953
75126,flagship,self_attention.linear_qkv,28,10240,0.0365946,0.00885657,0.0169022,0,9.76563e-05,0.0143555
75126,flagship,self_attention.linear_qkv,29,10240,0.0372146,0.010662,0.0198018,0,0,0.00576172
75126,flagship,self_attention.linear_qkv,30,10240,0.0369118,0.00866892,0.0191216,0,9.76563e-05,0.00751953
75126,flagship,self_attention.linear_qkv,31,10240,0.0348286,0.00837682,0.0142884,0,9.76563e-05,0.0240234
75126,flagship,self_attention.linear_qkv,32,10240,0.0352271,0.0105442,0.0177411,0,0,0.00947266
75126,flagship,self_attention.linear_qkv,33,10240,0.0343248,0.00841337,0.0117875,0,0.000195313,0.065332
75126,flagship,self_attention.linear_qkv,34,10240,0.0358124,0.00848308,0.0143046,0,0.000585938,0.0282227
75126,flagship,self_attention.linear_qkv,35,10240,0.0346601,0.0098885,0.0174006,0,0,0.00976562
75126,flagship,self_attention.linear_qkv,36,10240,0.0328523,0.00792911,0.0116562,0,0.000195313,0.0415039
75126,flagship,self_attention.linear_qkv,37,10240,0.0301524,0.00993773,0.0123932,0,0,0.0625
75126,flagship,self_attention.linear_qkv,38,10240,0.0333087,0.0179278,0.0205077,0,0,0
75126,flagship,self_attention.linear_qkv,39,10240,0.0308987,0.0110985,0.0146405,0,0,0.0196289
75126,flagship,self_attention.linear_qkv,40,10240,0.0309246,0.00805685,0.0109773,0,0,0.108301
75126,flagship,self_attention.linear_qkv,41,10240,0.030262,0.0089224,0.0110443,0,0,0.102148
75126,flagship,self_attention.linear_qkv,42,10240,0.0292116,0.00943061,0.0107704,0,0,0.13125
75126,flagship,self_attention.linear_qkv,43,10240,0.029659,0.00959633,0.012102,0,0,0.074707
75126,flagship,self_attention.linear_qkv,44,10240,0.029982,0.00864442,0.0100347,0,0,0.165625
75126,flagship,self_attention.linear_qkv,45,10240,0.0324461,0.00844613,0.0104086,0,0,0.12832
75126,flagship,self_attention.linear_qkv,46,10240,0.0335405,0.00544884,0.0117848,0,0.00107422,0.0680664
75126,flagship,self_attention.linear_qkv,47,10240,0.0316866,0.00885927,0.0113765,0,0,0.099707
75126,flagship,self_attention.linear_qkv,48,10240,0.035089,0.00900025,0.0148389,0,0,0.0239258
75126,flagship,self_attention.linear_qkv,49,10240,0.0345996,0.00803216,0.0119638,0,0.000488281,0.0470703
75126,flagship,self_attention.linear_qkv,50,10240,0.0329151,0.00821911,0.0160154,0,9.76563e-05,0.0118164
75126,flagship,self_attention.linear_qkv,51,10240,0.0325792,0.00941144,0.014967,0,0,0.01875
75126,flagship,self_attention.linear_qkv,52,10240,0.0337635,0.0113862,0.0181085,0,0,0.003125
75126,flagship,self_attention.linear_qkv,53,10240,0.034377,0.00745326,0.0134714,0,0.000683594,0.0293945
75126,flagship,self_attention.linear_qkv,54,10240,0.0339323,0.00838916,0.0125822,0,0.000195313,0.0486328
75126,flagship,self_attention.linear_qkv,55,10240,0.0343754,0.0165559,0.020952,0,0,0.000390625
75126,flagship,self_attention.linear_qkv,56,10240,0.033335,0.0157943,0.0207887,0,0,0.000292969
75126,flagship,self_attention.linear_qkv,57,10240,0.0335835,0.0127703,0.0207086,0,0,0.000683594
75126,flagship,self_attention.linear_qkv,58,10240,0.0333204,0.0191304,0.0219805,0,0,0
75126,flagship,self_attention.linear_qkv,59,10240,0.0323297,0.0170529,0.0200268,0,0,0
75126,flagship,self_attention.linear_qkv,60,10240,0.0308355,0.0172096,0.0198409,0,0,0
75126,flagship,self_attention.linear_qkv,61,10240,0.0278063,0.0115707,0.0166861,0,0,0.00117188
75126,flagship,self_attention.linear_qkv,62,10240,0.0241346,0.0114833,0.0138356,0,0,0.000292969
75126,flagship,self_attention.linear_qkv,63,10240,0.0206235,0.0107628,0.0127702,0,0,0
75126,flagship,self_attention.linear_proj,0,5120,0.0343632,0.0322695,0.0330716,0,0,0
75126,flagship,self_attention.linear_proj,1,5120,0.0399195,0.0366869,0.0380938,0,0,0
75126,flagship,self_attention.linear_proj,2,5120,0.0410969,0.0309306,0.0394725,0,0,0
75126,flagship,self_attention.linear_proj,3,5120,0.040887,0.0319023,0.0394068,0,0,0
75126,flagship,self_attention.linear_proj,4,5120,0.0402033,0.0311026,0.0384877,0,0,0
75126,flagship,self_attention.linear_proj,5,5120,0.0405101,0.0329118,0.0386647,0,0,0
75126,flagship,self_attention.linear_proj,6,5120,0.0415037,0.0312702,0.0395377,0,0,0
75126,flagship,self_attention.linear_proj,7,5120,0.0419772,0.0338824,0.0404644,0,0,0
75126,flagship,self_attention.linear_proj,8,5120,0.0424873,0.0282199,0.0407118,0,0,0
75126,flagship,self_attention.linear_proj,9,5120,0.0418721,0.0303076,0.0403777,0,0,0
75126,flagship,self_attention.linear_proj,10,5120,0.0416415,0.0298169,0.04019,0,0,0
75126,flagship,self_attention.linear_proj,11,5120,0.0414739,0.0285393,0.0398577,0,0,0
75126,flagship,self_attention.linear_proj,12,5120,0.0398421,0.0305474,0.0384944,0,0,0
75126,flagship,self_attention.linear_proj,13,5120,0.0407352,0.0286365,0.0392901,0,0,0
75126,flagship,self_attention.linear_proj,14,5120,0.039555,0.0289918,0.0381364,0,0,0
75126,flagship,self_attention.linear_proj,15,5120,0.0394405,0.0275179,0.037848,0,0,0
75126,flagship,self_attention.linear_proj,16,5120,0.0402156,0.027943,0.0386266,0,0,0
75126,flagship,self_attention.linear_proj,17,5120,0.0412038,0.0283978,0.0394849,0,0,0
75126,flagship,self_attention.linear_proj,18,5120,0.0409263,0.0278378,0.0388654,0,0,0
75126,flagship,self_attention.linear_proj,19,5120,0.0423463,0.0292613,0.0404096,0,0,0
75126,flagship,self_attention.linear_proj,20,5120,0.0411849,0.0314394,0.0392332,0,0,0
75126,flagship,self_attention.linear_proj,21,5120,0.0399452,0.0341074,0.0382305,0,0,0
75126,flagship,self_attention.linear_proj,22,5120,0.0428579,0.0319995,0.0412458,0,0,0
75126,flagship,self_attention.linear_proj,23,5120,0.0426145,0.0337888,0.0409243,0,0,0
75126,flagship,self_attention.linear_proj,24,5120,0.0424123,0.0366981,0.040961,0,0,0
75126,flagship,self_attention.linear_proj,25,5120,0.0415841,0.0317235,0.0402747,0,0,0
75126,flagship,self_attention.linear_proj,26,5120,0.0406776,0.037903,0.0393666,0,0,0
75126,flagship,self_attention.linear_proj,27,5120,0.0445164,0.0352246,0.0431772,0,0,0
75126,flagship,self_attention.linear_proj,28,5120,0.04153,0.0355326,0.0401481,0,0,0
75126,flagship,self_attention.linear_proj,29,5120,0.0416966,0.034925,0.040392,0,0,0
75126,flagship,self_attention.linear_proj,30,5120,0.0432383,0.0329187,0.0415119,0,0,0
75126,flagship,self_attention.linear_proj,31,5120,0.0388029,0.0318128,0.037507,0,0,0
75126,flagship,self_attention.linear_proj,32,5120,0.0403026,0.0283958,0.038735,0,0,0
75126,flagship,self_attention.linear_proj,33,5120,0.0394481,0.0284862,0.0380318,0,0,0
75126,flagship,self_attention.linear_proj,34,5120,0.0428278,0.0287356,0.0405091,0,0,0
75126,flagship,self_attention.linear_proj,35,5120,0.0405713,0.0262936,0.0385772,0,0,0
75126,flagship,self_attention.linear_proj,36,5120,0.0385246,0.0260514,0.0369808,0,0,0
75126,flagship,self_attention.linear_proj,37,5120,0.0356179,0.0282198,0.0345064,0,0,0
75126,flagship,self_attention.linear_proj,38,5120,0.0379143,0.0278705,0.0367067,0,0,0
75126,flagship,self_attention.linear_proj,39,5120,0.0366226,0.0257448,0.0353858,0,0,0
75126,flagship,self_attention.linear_proj,40,5120,0.037598,0.0260265,0.0363942,0,0,0
75126,flagship,self_attention.linear_proj,41,5120,0.0370715,0.0260024,0.0356886,0,0,0
75126,flagship,self_attention.linear_proj,42,5120,0.0365391,0.0272745,0.0352788,0,0,0
75126,flagship,self_attention.linear_proj,43,5120,0.0367636,0.0264165,0.0353818,0,0,0
75126,flagship,self_attention.linear_proj,44,5120,0.0376251,0.0247698,0.0362525,0,0,0
75126,flagship,self_attention.linear_proj,45,5120,0.038032,0.0263924,0.0364829,0,0,0
75126,flagship,self_attention.linear_proj,46,5120,0.0384731,0.0276196,0.0367883,0,0,0
75126,flagship,self_attention.linear_proj,47,5120,0.0361587,0.0279341,0.0347492,0,0,0
75126,flagship,self_attention.linear_proj,48,5120,0.0393985,0.03029,0.0380008,0,0,0
75126,flagship,self_attention.linear_proj,49,5120,0.0375009,0.0274496,0.0358434,0,0,0
75126,flagship,self_attention.linear_proj,50,5120,0.037334,0.0296201,0.0361155,0,0,0
75126,flagship,self_attention.linear_proj,51,5120,0.0398473,0.0285717,0.037994,0,0,0
75126,flagship,self_attention.linear_proj,52,5120,0.0386698,0.0301974,0.0372195,0,0,0
75126,flagship,self_attention.linear_proj,53,5120,0.0401818,0.0252309,0.0375646,0,0,0
75126,flagship,self_attention.linear_proj,54,5120,0.039038,0.0259248,0.0374731,0,0,0
75126,flagship,self_attention.linear_proj,55,5120,0.0390389,0.0302502,0.0369979,0,0,0
75126,flagship,self_attention.linear_proj,56,5120,0.0395628,0.0298464,0.037163,0,0,0
75126,flagship,self_attention.linear_proj,57,5120,0.0371965,0.028707,0.0350795,0,0,0
75126,flagship,self_attention.linear_proj,58,5120,0.037332,0.0298183,0.0352213,0,0,0
75126,flagship,self_attention.linear_proj,59,5120,0.0355749,0.0291755,0.0337136,0,0,0
75126,flagship,self_attention.linear_proj,60,5120,0.0322935,0.0277706,0.0305009,0,0,0
75126,flagship,self_attention.linear_proj,61,5120,0.0291237,0.0235465,0.0271126,0,0,0
75126,flagship,self_attention.linear_proj,62,5120,0.0234513,0.020594,0.0217091,0,0,0
75126,flagship,self_attention.linear_proj,63,5120,0.0180505,0.0147065,0.0159185,0,0,0
75126,flagship,mlp.linear_fc2,0,5120,0.0400513,0.0364939,0.0392009,0,0,0
75126,flagship,mlp.linear_fc2,1,5120,0.0402409,0.0337021,0.039563,0,0,0
75126,flagship,mlp.linear_fc2,2,5120,0.0430857,0.0324734,0.0421466,0,0,0
75126,flagship,mlp.linear_fc2,3,5120,0.0427512,0.0328127,0.041918,0,0,0
75126,flagship,mlp.linear_fc2,4,5120,0.0425972,0.0330291,0.0415794,0,0,0
75126,flagship,mlp.linear_fc2,5,5120,0.0424014,0.0349022,0.0413714,0,0,0
75126,flagship,mlp.linear_fc2,6,5120,0.0429131,0.0339655,0.0417067,0,0,0
75126,flagship,mlp.linear_fc2,7,5120,0.0435271,0.0362663,0.0425367,0,0,0
75126,flagship,mlp.linear_fc2,8,5120,0.0440268,0.033121,0.0432175,0,0,0
75126,flagship,mlp.linear_fc2,9,5120,0.0440658,0.0310978,0.0431816,0,0,0
75126,flagship,mlp.linear_fc2,10,5120,0.0441575,0.0294264,0.043271,0,0,0
75126,flagship,mlp.linear_fc2,11,5120,0.0442296,0.0279506,0.0433138,0,0,0
75126,flagship,mlp.linear_fc2,12,5120,0.0441783,0.0279875,0.04327,0,0,0
75126,flagship,mlp.linear_fc2,13,5120,0.0440504,0.0279198,0.042975,0,0,0
75126,flagship,mlp.linear_fc2,14,5120,0.043834,0.0276628,0.0425457,0,0,0
75126,flagship,mlp.linear_fc2,15,5120,0.0435293,0.0277156,0.0421304,0,0,0
75126,flagship,mlp.linear_fc2,16,5120,0.0432463,0.0282255,0.0417635,0,0,0
75126,flagship,mlp.linear_fc2,17,5120,0.0433275,0.0290375,0.0421211,0,0,0
75126,flagship,mlp.linear_fc2,18,5120,0.0433001,0.0309592,0.0420519,0,0,0
75126,flagship,mlp.linear_fc2,19,5120,0.0433821,0.0281746,0.0421793,0,0,0
75126,flagship,mlp.linear_fc2,20,5120,0.0434268,0.0283566,0.0421869,0,0,0
75126,flagship,mlp.linear_fc2,21,5120,0.0433483,0.0320003,0.0420252,0,0,0
75126,flagship,mlp.linear_fc2,22,5120,0.0433822,0.0277477,0.0422183,0,0,0
75126,flagship,mlp.linear_fc2,23,5120,0.0434607,0.028434,0.0423622,0,0,0
75126,flagship,mlp.linear_fc2,24,5120,0.0437966,0.027096,0.0428409,0,0,0
75126,flagship,mlp.linear_fc2,25,5120,0.0439468,0.0277253,0.043061,0,0,0
75126,flagship,mlp.linear_fc2,26,5120,0.0438831,0.029659,0.0429239,0,0,0
75126,flagship,mlp.linear_fc2,27,5120,0.0440329,0.0330646,0.0431682,0,0,0
75126,flagship,mlp.linear_fc2,28,5120,0.044013,0.0348036,0.043245,0,0,0
75126,flagship,mlp.linear_fc2,29,5120,0.0439831,0.0372022,0.0432124,0,0,0
75126,flagship,mlp.linear_fc2,30,5120,0.0439144,0.0393188,0.0431149,0,0,0
75126,flagship,mlp.linear_fc2,31,5120,0.0439411,0.040266,0.043218,0,0,0
75126,flagship,mlp.linear_fc2,32,5120,0.0440449,0.0407709,0.0433101,0,0,0
75126,flagship,mlp.linear_fc2,33,5120,0.0440782,0.0402812,0.0433591,0,0,0
75126,flagship,mlp.linear_fc2,34,5120,0.0441156,0.0391677,0.0434022,0,0,0
75126,flagship,mlp.linear_fc2,35,5120,0.044085,0.0389198,0.0433182,0,0,0
75126,flagship,mlp.linear_fc2,36,5120,0.0440705,0.0378322,0.0431973,0,0,0
75126,flagship,mlp.linear_fc2,37,5120,0.0442258,0.0376271,0.0432314,0,0,0
75126,flagship,mlp.linear_fc2,38,5120,0.0442985,0.0368759,0.0433639,0,0,0
75126,flagship,mlp.linear_fc2,39,5120,0.0443269,0.0365659,0.0433045,0,0,0
75126,flagship,mlp.linear_fc2,40,5120,0.044347,0.0358409,0.0431408,0,0,0
75126,flagship,mlp.linear_fc2,41,5120,0.0443398,0.035224,0.0430417,0,0,0
75126,flagship,mlp.linear_fc2,42,5120,0.0443377,0.0347012,0.0429437,0,0,0
75126,flagship,mlp.linear_fc2,43,5120,0.0443311,0.034222,0.0428395,0,0,0
75126,flagship,mlp.linear_fc2,44,5120,0.0443293,0.0342955,0.0428037,0,0,0
75126,flagship,mlp.linear_fc2,45,5120,0.0443413,0.0339951,0.0427063,0,0,0
75126,flagship,mlp.linear_fc2,46,5120,0.0443721,0.0335749,0.0427227,0,0,0
75126,flagship,mlp.linear_fc2,47,5120,0.0443825,0.0340529,0.0427972,0,0,0
75126,flagship,mlp.linear_fc2,48,5120,0.0444597,0.0339219,0.0429525,0,0,0
75126,flagship,mlp.linear_fc2,49,5120,0.0445067,0.0336011,0.0429388,0,0,0
75126,flagship,mlp.linear_fc2,50,5120,0.0446062,0.0331315,0.0430194,0,0,0
75126,flagship,mlp.linear_fc2,51,5120,0.0447231,0.0329583,0.0430733,0,0,0
75126,flagship,mlp.linear_fc2,52,5120,0.0448636,0.0325535,0.0433074,0,0,0
75126,flagship,mlp.linear_fc2,53,5120,0.0450153,0.0325875,0.0435319,0,0,0
75126,flagship,mlp.linear_fc2,54,5120,0.0452014,0.0327694,0.0436551,0,0,0
75126,flagship,mlp.linear_fc2,55,5120,0.0454136,0.0339503,0.0438948,0,0,0
75126,flagship,mlp.linear_fc2,56,5120,0.0455807,0.0357278,0.0441631,0,0,0
75126,flagship,mlp.linear_fc2,57,5120,0.045485,0.0362937,0.0440915,0,0,0
75126,flagship,mlp.linear_fc2,58,5120,0.0450439,0.0366393,0.0436593,0,0,0
75126,flagship,mlp.linear_fc2,59,5120,0.044217,0.0376065,0.0428578,0,0,0
75126,flagship,mlp.linear_fc2,60,5120,0.0430552,0.0387605,0.041822,0,0,0
75126,flagship,mlp.linear_fc2,61,5120,0.040461,0.0381639,0.0392527,0,0,0
75126,flagship,mlp.linear_fc2,62,5120,0.0358431,0.0328937,0.0344267,0,0,0
75126,flagship,mlp.linear_fc2,63,5120,0.0254228,0.0210198,0.0231294,0,0,0
64000,flagship,mlp.linear_fc2,0,5120,0.0381038,0.0343963,0.0372619,0,0,0
64000,flagship,mlp.linear_fc2,1,5120,0.0377035,0.0310321,0.0370067,0,0,0
64000,flagship,mlp.linear_fc2,2,5120,0.0411829,0.0302579,0.0402018,0,0,0
64000,flagship,mlp.linear_fc2,3,5120,0.0409487,0.0310141,0.040077,0,0,0
64000,flagship,mlp.linear_fc2,4,5120,0.0407146,0.0316068,0.0396807,0,0,0
64000,flagship,mlp.linear_fc2,5,5120,0.0404322,0.0324469,0.0393887,0,0,0
64000,flagship,mlp.linear_fc2,6,5120,0.0409458,0.0319311,0.0397583,0,0,0
64000,flagship,mlp.linear_fc2,7,5120,0.0415571,0.0343872,0.0404934,0,0,0
64000,flagship,mlp.linear_fc2,8,5120,0.0420866,0.0312183,0.041267,0,0,0
64000,flagship,mlp.linear_fc2,9,5120,0.0421274,0.0299095,0.0412498,0,0,0
64000,flagship,mlp.linear_fc2,10,5120,0.0422144,0.0286921,0.0413122,0,0,0
64000,flagship,mlp.linear_fc2,11,5120,0.0422762,0.0276357,0.0413555,0,0,0
64000,flagship,mlp.linear_fc2,12,5120,0.0422173,0.0273391,0.0413153,0,0,0
64000,flagship,mlp.linear_fc2,13,5120,0.0420709,0.0265938,0.0410442,0,0,0
64000,flagship,mlp.linear_fc2,14,5120,0.0418391,0.025907,0.040618,0,0,0
64000,flagship,mlp.linear_fc2,15,5120,0.0415057,0.025106,0.0402203,0,0,0
64000,flagship,mlp.linear_fc2,16,5120,0.0411661,0.0268124,0.0397467,0,0,0
64000,flagship,mlp.linear_fc2,17,5120,0.041244,0.0269976,0.0400773,0,0,0
64000,flagship,mlp.linear_fc2,18,5120,0.0412086,0.0271883,0.040035,0,0,0
64000,flagship,mlp.linear_fc2,19,5120,0.0413072,0.0249281,0.0401254,0,0,0
64000,flagship,mlp.linear_fc2,20,5120,0.0413391,0.0251346,0.0401839,0,0,0
64000,flagship,mlp.linear_fc2,21,5120,0.0412356,0.0280577,0.0399816,0,0,0
64000,flagship,mlp.linear_fc2,22,5120,0.0412981,0.0253064,0.0401614,0,0,0
64000,flagship,mlp.linear_fc2,23,5120,0.0413829,0.0261275,0.0403617,0,0,0
64000,flagship,mlp.linear_fc2,24,5120,0.0417443,0.0257211,0.0408186,0,0,0
64000,flagship,mlp.linear_fc2,25,5120,0.0419167,0.0268489,0.0410509,0,0,0
64000,flagship,mlp.linear_fc2,26,5120,0.0418708,0.0293694,0.0409413,0,0,0
64000,flagship,mlp.linear_fc2,27,5120,0.0420621,0.0331248,0.0412154,0,0,0
64000,flagship,mlp.linear_fc2,28,5120,0.0420917,0.03492,0.0413052,0,0,0
64000,flagship,mlp.linear_fc2,29,5120,0.0421115,0.0371006,0.0413525,0,0,0
64000,flagship,mlp.linear_fc2,30,5120,0.0420913,0.0387644,0.0413308,0,0,0
64000,flagship,mlp.linear_fc2,31,5120,0.042173,0.0387527,0.0414132,0,0,0
64000,flagship,mlp.linear_fc2,32,5120,0.0423029,0.0382302,0.0415885,0,0,0
64000,flagship,mlp.linear_fc2,33,5120,0.0423699,0.0376011,0.0416459,0,0,0
64000,flagship,mlp.linear_fc2,34,5120,0.0424298,0.0366136,0.0416951,0,0,0
64000,flagship,mlp.linear_fc2,35,5120,0.0424197,0.0361746,0.0416454,0,0,0
64000,flagship,mlp.linear_fc2,36,5120,0.0424402,0.0354358,0.0416671,0,0,0
64000,flagship,mlp.linear_fc2,37,5120,0.0426198,0.0355577,0.0416523,0,0,0
64000,flagship,mlp.linear_fc2,38,5120,0.0427062,0.0355609,0.041789,0,0,0
64000,flagship,mlp.linear_fc2,39,5120,0.0427611,0.0355629,0.041706,0,0,0
64000,flagship,mlp.linear_fc2,40,5120,0.0427952,0.0352591,0.0415973,0,0,0
64000,flagship,mlp.linear_fc2,41,5120,0.0428044,0.035021,0.0415321,0,0,0
64000,flagship,mlp.linear_fc2,42,5120,0.0428178,0.0348165,0.041393,0,0,0
64000,flagship,mlp.linear_fc2,43,5120,0.0428249,0.0345885,0.0414641,0,0,0
64000,flagship,mlp.linear_fc2,44,5120,0.0428397,0.0345286,0.041282,0,0,0
64000,flagship,mlp.linear_fc2,45,5120,0.042865,0.0344053,0.041313,0,0,0
64000,flagship,mlp.linear_fc2,46,5120,0.0428963,0.0343392,0.0413505,0,0,0
64000,flagship,mlp.linear_fc2,47,5120,0.0429138,0.0346533,0.0413881,0,0,0
64000,flagship,mlp.linear_fc2,48,5120,0.0429941,0.0346124,0.0415748,0,0,0
64000,flagship,mlp.linear_fc2,49,5120,0.0430384,0.0344376,0.0416534,0,0,0
64000,flagship,mlp.linear_fc2,50,5120,0.0431247,0.0342924,0.0417267,0,0,0
64000,flagship,mlp.linear_fc2,51,5120,0.0432291,0.0342596,0.0417719,0,0,0
64000,flagship,mlp.linear_fc2,52,5120,0.0433411,0.0345785,0.0418474,0,0,0
64000,flagship,mlp.linear_fc2,53,5120,0.0434438,0.0345139,0.0418968,0,0,0
64000,flagship,mlp.linear_fc2,54,5120,0.0435725,0.0343432,0.0420488,0,0,0
64000,flagship,mlp.linear_fc2,55,5120,0.0437019,0.0349258,0.0423119,0,0,0
64000,flagship,mlp.linear_fc2,56,5120,0.0437699,0.0352239,0.0424317,0,0,0
64000,flagship,mlp.linear_fc2,57,5120,0.0435304,0.0355221,0.0422166,0,0,0
64000,flagship,mlp.linear_fc2,58,5120,0.0429539,0.0363298,0.0417159,0,0,0
64000,flagship,mlp.linear_fc2,59,5120,0.0420325,0.0375883,0.0408305,0,0,0
64000,flagship,mlp.linear_fc2,60,5120,0.0408419,0.0380986,0.039716,0,0,0
64000,flagship,mlp.linear_fc2,61,5120,0.0380967,0.0359988,0.0369822,0,0,0
64000,flagship,mlp.linear_fc2,62,5120,0.0337358,0.0307585,0.032274,0,0,0
64000,flagship,mlp.linear_fc2,63,5120,0.0235838,0.0199522,0.0216261,0,0,0
64000,flagship,mlp.linear_fc1,0,51200,0.0332124,0.0258539,0.0287868,0,0,0
64000,flagship,mlp.linear_fc1,1,51200,0.0412684,0.0320801,0.0377767,0,0,0
64000,flagship,mlp.linear_fc1,2,51200,0.0426966,0.0318446,0.0388845,0,0,0
64000,flagship,mlp.linear_fc1,3,51200,0.0418651,0.0315778,0.0373339,0,0,0
64000,flagship,mlp.linear_fc1,4,51200,0.0412657,0.0285905,0.0363683,0,0,0
64000,flagship,mlp.linear_fc1,5,51200,0.0405325,0.0295448,0.03536,0,0,0
64000,flagship,mlp.linear_fc1,6,51200,0.0402622,0.0278785,0.0352238,0,0,0
64000,flagship,mlp.linear_fc1,7,51200,0.0407079,0.030748,0.0351279,0,0,0
64000,flagship,mlp.linear_fc1,8,51200,0.0409285,0.0311005,0.0358783,0,0,0
64000,flagship,mlp.linear_fc1,9,51200,0.0411583,0.0307287,0.0365175,0,0,0
64000,flagship,mlp.linear_fc1,10,51200,0.0412017,0.0292027,0.0366498,0,0,0
64000,flagship,mlp.linear_fc1,11,51200,0.041281,0.0318211,0.0372541,0,0,0
64000,flagship,mlp.linear_fc1,12,51200,0.0412627,0.0318601,0.037606,0,0,0
64000,flagship,mlp.linear_fc1,13,51200,0.0413261,0.0335191,0.0378133,0,0,0
64000,flagship,mlp.linear_fc1,14,51200,0.0412897,0.0340437,0.0377702,0,0,0
64000,flagship,mlp.linear_fc1,15,51200,0.0409568,0.0307851,0.0373451,0,0,0
64000,flagship,mlp.linear_fc1,16,51200,0.0405159,0.0309328,0.0368246,0,0,0
64000,flagship,mlp.linear_fc1,17,51200,0.0400083,0.0284794,0.0361074,0,0,0
64000,flagship,mlp.linear_fc1,18,51200,0.0400001,0.0295773,0.0361523,0,0,0
64000,flagship,mlp.linear_fc1,19,51200,0.039984,0.0311077,0.0362856,0,0,0
64000,flagship,mlp.linear_fc1,20,51200,0.0398515,0.0329915,0.0361559,0,0,0
64000,flagship,mlp.linear_fc1,21,51200,0.0397639,0.032034,0.0360327,0,0,0
64000,flagship,mlp.linear_fc1,22,51200,0.0398913,0.0324735,0.0364945,0,0,0
64000,flagship,mlp.linear_fc1,23,51200,0.0397315,0.0313859,0.0363878,0,0,0
64000,flagship,mlp.linear_fc1,24,51200,0.0399601,0.0307922,0.036636,0,0,0
64000,flagship,mlp.linear_fc1,25,51200,0.0401221,0.0289484,0.036786,0,0,0
64000,flagship,mlp.linear_fc1,26,51200,0.0401492,0.0301493,0.0368912,0,0,0
64000,flagship,mlp.linear_fc1,27,51200,0.0403129,0.0279662,0.0370304,0,0,0
64000,flagship,mlp.linear_fc1,28,51200,0.0404101,0.0309858,0.037306,0,0,0
64000,flagship,mlp.linear_fc1,29,51200,0.0404811,0.0294991,0.0374364,0,0,0
64000,flagship,mlp.linear_fc1,30,51200,0.0404562,0.03035,0.0374471,0,0,0
64000,flagship,mlp.linear_fc1,31,51200,0.0406112,0.0279365,0.0377904,0,0,0
64000,flagship,mlp.linear_fc1,32,51200,0.0408669,0.0314558,0.0381401,0,0,0
64000,flagship,mlp.linear_fc1,33,51200,0.0410592,0.030629,0.0384278,0,0,0
64000,flagship,mlp.linear_fc1,34,51200,0.0412089,0.0303225,0.0386385,0,0,0
64000,flagship,mlp.linear_fc1,35,51200,0.0413822,0.0292858,0.0388764,0,0,0
64000,flagship,mlp.linear_fc1,36,51200,0.0415395,0.0337155,0.0390464,0,0,0
64000,flagship,mlp.linear_fc1,37,51200,0.0416826,0.0358517,0.0392523,0,0,0
64000,flagship,mlp.linear_fc1,38,51200,0.0417555,0.0345838,0.039314,0,0,0
64000,flagship,mlp.linear_fc1,39,51200,0.0418393,0.0371496,0.0393953,0,0,0
64000,flagship,mlp.linear_fc1,40,51200,0.0419092,0.0350826,0.0394364,0,0,0
64000,flagship,mlp.linear_fc1,41,51200,0.0419187,0.0364074,0.0394405,0,0,0
64000,flagship,mlp.linear_fc1,42,51200,0.0419359,0.0363005,0.0394336,0,0,0
64000,flagship,mlp.linear_fc1,43,51200,0.0419763,0.0295881,0.0394235,0,0,0
64000,flagship,mlp.linear_fc1,44,51200,0.0419961,0.038029,0.0394106,0,0,0
64000,flagship,mlp.linear_fc1,45,51200,0.0419766,0.0319165,0.0393638,0,0,0
64000,flagship,mlp.linear_fc1,46,51200,0.0420117,0.0358968,0.0393016,0,0,0
64000,flagship,mlp.linear_fc1,47,51200,0.0419582,0.0356943,0.0392458,0,0,0
64000,flagship,mlp.linear_fc1,48,51200,0.0419667,0.0368898,0.0391522,0,0,0
64000,flagship,mlp.linear_fc1,49,51200,0.0419173,0.0327265,0.0389913,0,0,0
64000,flagship,mlp.linear_fc1,50,51200,0.0419248,0.0352635,0.0388808,0,0,0
64000,flagship,mlp.linear_fc1,51,51200,0.0419122,0.0363702,0.0387254,0,0,0
64000,flagship,mlp.linear_fc1,52,51200,0.041912,0.0367303,0.0385847,0,0,0
64000,flagship,mlp.linear_fc1,53,51200,0.0418996,0.0328542,0.0382397,0,0,0
64000,flagship,mlp.linear_fc1,54,51200,0.0419145,0.0290793,0.0378557,0,0,0
64000,flagship,mlp.linear_fc1,55,51200,0.0418828,0.0317748,0.0374443,0,0,0
64000,flagship,mlp.linear_fc1,56,51200,0.0418916,0.0315002,0.0367475,0,0,0
64000,flagship,mlp.linear_fc1,57,51200,0.0417005,0.0260045,0.0358548,0,0,0
64000,flagship,mlp.linear_fc1,58,51200,0.0412119,0.0259668,0.0349636,0,0,0
64000,flagship,mlp.linear_fc1,59,51200,0.040311,0.0261774,0.0339263,0,0,0
64000,flagship,mlp.linear_fc1,60,51200,0.0392953,0.022779,0.0325188,0,0,0
64000,flagship,mlp.linear_fc1,61,51200,0.0377848,0.0196861,0.0308623,0,0,0
64000,flagship,mlp.linear_fc1,62,51200,0.0352906,0.0178142,0.0245781,0,0,0
64000,flagship,mlp.linear_fc1,63,51200,0.0322405,0.0192175,0.0229957,0,0,0
64000,flagship,self_attention.linear_qkv,0,10240,0.0343595,0.0213423,0.0240319,0,0,0
64000,flagship,self_attention.linear_qkv,1,10240,0.0364586,0.0192643,0.0243319,0,0,0
64000,flagship,self_attention.linear_qkv,2,10240,0.0400303,0.0163619,0.0231352,0,0,0.00136719
64000,flagship,self_attention.linear_qkv,3,10240,0.0408049,0.01143,0.0251662,0,0,0.000878906
64000,flagship,self_attention.linear_qkv,4,10240,0.0399804,0.01737,0.0255302,0,0,0.000976562
64000,flagship,self_attention.linear_qkv,5,10240,0.040231,0.0174123,0.0263522,0,0,0.000488281
64000,flagship,self_attention.linear_qkv,6,10240,0.040484,0.007029,0.0230182,0,0.000195313,0.00439453
64000,flagship,self_attention.linear_qkv,7,10240,0.0397697,0.0135678,0.0223604,0,0,0.00292969
64000,flagship,self_attention.linear_qkv,8,10240,0.0399799,0.0150219,0.0252804,0,0,0.000390625
64000,flagship,self_attention.linear_qkv,9,10240,0.0390958,0.0154694,0.0249222,0,0,0.000292969
64000,flagship,self_attention.linear_qkv,10,10240,0.0386203,0.00939356,0.0238679,0,9.76563e-05,0.000585938
64000,flagship,self_attention.linear_qkv,11,10240,0.0385495,0.0153873,0.0245349,0,0,0.000585938
64000,flagship,self_attention.linear_qkv,12,10240,0.0379078,0.0141906,0.0242577,0,0,0.000390625
64000,flagship,self_attention.linear_qkv,13,10240,0.0367415,0.0192047,0.0224077,0,0,0
64000,flagship,self_attention.linear_qkv,14,10240,0.0360467,0.0143798,0.0209281,0,0,0.000878906
64000,flagship,self_attention.linear_qkv,15,10240,0.0370888,0.0136476,0.0205356,0,0,0.00253906
64000,flagship,self_attention.linear_qkv,16,10240,0.0375527,0.0165598,0.0219821,0,0,0.000585938
64000,flagship,self_attention.linear_qkv,17,10240,0.0378427,0.00697813,0.0211818,0,0.000292969,0.0015625
64000,flagship,self_attention.linear_qkv,18,10240,0.038095,0.0131143,0.020489,0,0,0.00234375
64000,flagship,self_attention.linear_qkv,19,10240,0.0387927,0.0109823,0.0194368,0,0,0.00986328
64000,flagship,self_attention.linear_qkv,20,10240,0.0374775,0.0162885,0.0203784,0,0,0.00214844
64000,flagship,self_attention.linear_qkv,21,10240,0.0364154,0.0158484,0.0208404,0,0,0.000585938
64000,flagship,self_attention.linear_qkv,22,10240,0.039438,0.0155618,0.0203645,0,0,0.00703125
64000,flagship,self_attention.linear_qkv,23,10240,0.0374877,0.00673792,0.0191189,0,0.000585938,0.00908203
64000,flagship,self_attention.linear_qkv,24,10240,0.0362468,0.00910252,0.0219698,0,0,0.00117188
64000,flagship,self_attention.linear_qkv,25,10240,0.0352909,0.0122551,0.0179216,0,0,0.00888672
64000,flagship,self_attention.linear_qkv,26,10240,0.0350577,0.0113006,0.0172037,0,0,0.0123047
64000,flagship,self_attention.linear_qkv,27,10240,0.0373587,0.011039,0.0201466,0,0,0.00400391
64000,flagship,self_attention.linear_qkv,28,10240,0.0342314,0.00954483,0.0151947,0,0,0.0172852
64000,flagship,self_attention.linear_qkv,29,10240,0.0347048,0.0111459,0.0174603,0,0,0.00947266
64000,flagship,self_attention.linear_qkv,30,10240,0.034678,0.00952946,0.0171611,0,0,0.0112305
64000,flagship,self_attention.linear_qkv,31,10240,0.0321487,0.00914129,0.0129942,0,0,0.0338867
64000,flagship,self_attention.linear_qkv,32,10240,0.032673,0.0106406,0.0158264,0,0,0.0123047
64000,flagship,self_attention.linear_qkv,33,10240,0.0319275,0.00937397,0.0116043,0,0,0.0770508
64000,flagship,self_attention.linear_qkv,34,10240,0.0335632,0.00921842,0.0132245,0,0,0.0411133
64000,flagship,self_attention.linear_qkv,35,10240,0.0321839,0.0106163,0.0154025,0,0,0.0149414
64000,flagship,self_attention.linear_qkv,36,10240,0.0303997,0.00890432,0.0113551,0,0,0.0594727
64000,flagship,self_attention.linear_qkv,37,10240,0.0272754,0.0102178,0.0117064,0,0,0.0759766
64000,flagship,self_attention.linear_qkv,38,10240,0.030707,0.0160168,0.0179809,0,0,0
64000,flagship,self_attention.linear_qkv,39,10240,0.0281672,0.011096,0.0134308,0,0,0.0228516
64000,flagship,self_attention.linear_qkv,40,10240,0.0283399,0.00874618,0.0108368,0,0,0.12627
64000,flagship,self_attention.linear_qkv,41,10240,0.0276282,0.00988169,0.0110963,0,0,0.114355
64000,flagship,self_attention.linear_qkv,42,10240,0.026323,0.00994399,0.0108939,0,0,0.125977
64000,flagship,self_attention.linear_qkv,43,10240,0.0269626,0.00954796,0.0117645,0,0,0.0764648
64000,flagship,self_attention.linear_qkv,44,10240,0.0273468,0.00934054,0.0104024,0,0,0.164941
64000,flagship,self_attention.linear_qkv,45,10240,0.0300617,0.00917152,0.0106838,0,0,0.140137
64000,flagship,self_attention.linear_qkv,46,10240,0.03129,0.00636747,0.0114214,0,0.000585938,0.0835937
64000,flagship,self_attention.linear_qkv,47,10240,0.0293877,0.00948178,0.0111572,0,0,0.101953
64000,flagship,self_attention.linear_qkv,48,10240,0.0328649,0.00982784,0.0136572,0,0,0.0314453
64000,flagship,self_attention.linear_qkv,49,10240,0.0324447,0.00867133,0.0113096,0,0,0.0576172
64000,flagship,self_attention.linear_qkv,50,10240,0.0305819,0.00849667,0.014053,0,0,0.0209961
64000,flagship,self_attention.linear_qkv,51,10240,0.0302121,0.0096589,0.0136141,0,0,0.0231445
64000,flagship,self_attention.linear_qkv,52,10240,0.0313393,0.00994518,0.0161932,0,0,0.00664063
64000,flagship,self_attention.linear_qkv,53,10240,0.03242,0.00818171,0.0125352,0,0,0.0384766
64000,flagship,self_attention.linear_qkv,54,10240,0.0318816,0.00920662,0.012051,0,0,0.0581055
64000,flagship,self_attention.linear_qkv,55,10240,0.0325473,0.0159085,0.0190734,0,0,0.000390625
64000,flagship,self_attention.linear_qkv,56,10240,0.0313638,0.0139097,0.0186698,0,0,0.000292969
64000,flagship,self_attention.linear_qkv,57,10240,0.0319566,0.0115309,0.0185041,0,0,0.00126953
64000,flagship,self_attention.linear_qkv,58,10240,0.0314329,0.0171124,0.0194061,0,0,0
64000,flagship,self_attention.linear_qkv,59,10240,0.0306984,0.0159428,0.0179008,0,0,0
64000,flagship,self_attention.linear_qkv,60,10240,0.0293668,0.0152018,0.0180322,0,0,0
64000,flagship,self_attention.linear_qkv,61,10240,0.0273439,0.0121168,0.0162679,0,0,0.000585938
64000,flagship,self_attention.linear_qkv,62,10240,0.0236618,0.0121091,0.0140441,0,0,0
64000,flagship,self_attention.linear_qkv,63,10240,0.0204064,0.0113322,0.0129775,0,0,0
64000,flagship,self_attention.linear_proj,0,5120,0.0313546,0.0293631,0.0301089,0,0,0
64000,flagship,self_attention.linear_proj,1,5120,0.037613,0.0342483,0.035723,0,0,0
64000,flagship,self_attention.linear_proj,2,5120,0.0388969,0.028657,0.0372526,0,0,0
64000,flagship,self_attention.linear_proj,3,5120,0.0387036,0.0291801,0.0371439,0,0,0
64000,flagship,self_attention.linear_proj,4,5120,0.0379763,0.0285318,0.0362798,0,0,0
64000,flagship,self_attention.linear_proj,5,5120,0.038285,0.0302706,0.0364128,0,0,0
64000,flagship,self_attention.linear_proj,6,5120,0.0392423,0.0284102,0.0372406,0,0,0
64000,flagship,self_attention.linear_proj,7,5120,0.0398704,0.0306664,0.0383731,0,0,0
64000,flagship,self_attention.linear_proj,8,5120,0.040368,0.0270448,0.03859,0,0,0
64000,flagship,self_attention.linear_proj,9,5120,0.0397037,0.0286952,0.0382092,0,0,0
64000,flagship,self_attention.linear_proj,10,5120,0.0394859,0.0283771,0.0380352,0,0,0
64000,flagship,self_attention.linear_proj,11,5120,0.0393417,0.0276889,0.0377613,0,0,0
64000,flagship,self_attention.linear_proj,12,5120,0.0375518,0.0285241,0.0362149,0,0,0
64000,flagship,self_attention.linear_proj,13,5120,0.038504,0.0275464,0.0370455,0,0,0
64000,flagship,self_attention.linear_proj,14,5120,0.0372221,0.0277709,0.0358169,0,0,0
64000,flagship,self_attention.linear_proj,15,5120,0.0371419,0.026979,0.0355248,0,0,0
64000,flagship,self_attention.linear_proj,16,5120,0.0379367,0.0268723,0.0363542,0,0,0
64000,flagship,self_attention.linear_proj,17,5120,0.0390107,0.0275665,0.037283,0,0,0
64000,flagship,self_attention.linear_proj,18,5120,0.0388122,0.0273242,0.0367682,0,0,0
64000,flagship,self_attention.linear_proj,19,5120,0.040294,0.0279374,0.0383077,0,0,0
64000,flagship,self_attention.linear_proj,20,5120,0.0389714,0.0305277,0.0370407,0,0,0
64000,flagship,self_attention.linear_proj,21,5120,0.0377123,0.032756,0.0360042,0,0,0
64000,flagship,self_attention.linear_proj,22,5120,0.0409926,0.0284826,0.0393609,0,0,0
64000,flagship,self_attention.linear_proj,23,5120,0.0406354,0.0301781,0.0389112,0,0,0
64000,flagship,self_attention.linear_proj,24,5120,0.0404876,0.0347598,0.0389941,0,0,0
64000,flagship,self_attention.linear_proj,25,5120,0.0394096,0.0299676,0.0380356,0,0,0
64000,flagship,self_attention.linear_proj,26,5120,0.0385254,0.0356366,0.0371756,0,0,0
64000,flagship,self_attention.linear_proj,27,5120,0.0427286,0.0352205,0.0413393,0,0,0
64000,flagship,self_attention.linear_proj,28,5120,0.0395993,0.0333193,0.0381433,0,0,0
64000,flagship,self_attention.linear_proj,29,5120,0.0397506,0.0322909,0.0384033,0,0,0
64000,flagship,self_attention.linear_proj,30,5120,0.0414647,0.0298472,0.0397665,0,0,0
64000,flagship,self_attention.linear_proj,31,5120,0.0365532,0.0290432,0.0352357,0,0,0
64000,flagship,self_attention.linear_proj,32,5120,0.0381741,0.0262845,0.0365184,0,0,0
64000,flagship,self_attention.linear_proj,33,5120,0.0373716,0.0259491,0.0358424,0,0,0
64000,flagship,self_attention.linear_proj,34,5120,0.0408717,0.0260052,0.038452,0,0,0
64000,flagship,self_attention.linear_proj,35,5120,0.0385515,0.0239099,0.0365602,0,0,0
64000,flagship,self_attention.linear_proj,36,5120,0.036343,0.0238679,0.0348222,0,0,0
64000,flagship,self_attention.linear_proj,37,5120,0.0332141,0.0261056,0.0321576,0,0,0
64000,flagship,self_attention.linear_proj,38,5120,0.0357118,0.0255871,0.0345256,0,0,0
64000,flagship,self_attention.linear_proj,39,5120,0.0343021,0.0235707,0.0331669,0,0,0
64000,flagship,self_attention.linear_proj,40,5120,0.0353637,0.0242298,0.0341047,0,0,0
64000,flagship,self_attention.linear_proj,41,5120,0.0348176,0.0239857,0.0335303,0,0,0
64000,flagship,self_attention.linear_proj,42,5120,0.0342972,0.024635,0.0330736,0,0,0
64000,flagship,self_attention.linear_proj,43,5120,0.034574,0.0240257,0.0334165,0,0,0
64000,flagship,self_attention.linear_proj,44,5120,0.0354034,0.0224601,0.0341554,0,0,0
64000,flagship,self_attention.linear_proj,45,5120,0.035927,0.0248294,0.0344016,0,0,0
64000,flagship,self_attention.linear_proj,46,5120,0.0364085,0.0259364,0.0347657,0,0,0
64000,flagship,self_attention.linear_proj,47,5120,0.0341294,0.0266748,0.032789,0,0,0
64000,flagship,self_attention.linear_proj,48,5120,0.0373671,0.028764,0.0358597,0,0,0
64000,flagship,self_attention.linear_proj,49,5120,0.0355659,0.0266813,0.0338896,0,0,0
64000,flagship,self_attention.linear_proj,50,5120,0.0351965,0.0286794,0.0339374,0,0,0
64000,flagship,self_attention.linear_proj,51,5120,0.0376533,0.0278815,0.0359507,0,0,0
64000,flagship,self_attention.linear_proj,52,5120,0.036514,0.0297499,0.0350399,0,0,0
64000,flagship,self_attention.linear_proj,53,5120,0.0380845,0.0248437,0.03564,0,0,0
64000,flagship,self_attention.linear_proj,54,5120,0.0369579,0.0253831,0.0352604,0,0,0
64000,flagship,self_attention.linear_proj,55,5120,0.0370295,0.0287334,0.0350574,0,0,0
64000,flagship,self_attention.linear_proj,56,5120,0.0375072,0.028091,0.0350957,0,0,0
64000,flagship,self_attention.linear_proj,57,5120,0.0353578,0.0267837,0.0332682,0,0,0
64000,flagship,self_attention.linear_proj,58,5120,0.0354354,0.0283037,0.0334011,0,0,0
64000,flagship,self_attention.linear_proj,59,5120,0.0336537,0.0274517,0.0318256,0,0,0
64000,flagship,self_attention.linear_proj,60,5120,0.0305327,0.0248513,0.0286644,0,0,0
64000,flagship,self_attention.linear_proj,61,5120,0.0277295,0.0211523,0.0257883,0,0,0
64000,flagship,self_attention.linear_proj,62,5120,0.0225958,0.0196124,0.0208911,0,0,0
64000,flagship,self_attention.linear_proj,63,5120,0.0173806,0.0134163,0.0152555,0,0,0
