iter,bucket,numel,m_rms,sqrt_v_rms,param_rms,sqrt_v_p01,sqrt_v_p50,sqrt_v_p99,frac_sqrtv_below_1e6eps,frac_sqrtv_below_1e3eps,frac_sqrtv_below_10eps,step_p50,step_p99,rel_step_p50
64000,0,701271808,1.38723e-06,8.73186e-06,0.028154,1.99655e-09,5.97149e-08,3.51456e-06,1,0.997819,0.64771,0.0716177,0.41905,3.98129
64000,1,187443456,2.93105e-08,1.92716e-07,0.04304,3.96787e-08,8.3172e-08,4.12712e-07,1,0.99999,0.734024,0.122166,0.464847,3.60635
64000,2,135020032,4.35019e-08,2.9153e-07,0.0415156,1.5634e-08,7.5172e-08,4.69703e-07,1,0.999945,0.646556,0.116675,0.456749,3.62239
64000,3,132398336,4.01671e-08,3.16347e-07,0.0371462,1.22858e-08,5.1548e-08,5.74961e-07,1,0.999946,0.781131,0.0916425,0.400615,3.16909
64000,4,335544320,7.05931e-09,4.44621e-08,0.0248948,4.26494e-14,8.2486e-09,4.54283e-08,1,0.999998,0.997162,0.0519755,0.297588,2.72046
66500,0,701271808,1.39771e-06,8.13899e-06,0.0282546,1.88947e-09,5.72305e-08,3.54178e-06,1,0.997798,0.657938,0.0712805,0.419817,3.94706
66500,1,187443456,3.07059e-08,2.03662e-07,0.0433537,4.24174e-08,8.94924e-08,3.22756e-07,1,0.999991,0.690945,0.134711,0.479704,3.94692
66500,2,135020032,4.81228e-08,3.19709e-07,0.0417989,1.73919e-08,7.81672e-08,3.56835e-07,1,0.999948,0.638106,0.129285,0.472227,3.98437
66500,3,132398336,7.12272e-08,3.34754e-07,0.0374465,1.41965e-08,4.73331e-08,4.18306e-07,1,0.999941,0.821834,0.110688,0.427864,3.79707
66500,4,335544320,8.66743e-09,7.69243e-08,0.0248987,9.38673e-14,8.53546e-09,5.21506e-08,1,0.999991,0.996523,0.0524637,0.303518,2.74839
