iter,layer,h_in_rms,attn_rms,attn_ratio,attn_cos,h_mid_rms,mlp_rms,mlp_ratio,mlp_cos,h_out_rms,attn_gain_rms,mlp_gain_rms
64000,0,0.0418679,5.24442,125.261,0.00941487,5.24496,3.01729,0.575274,0.842626,7.95467,0.0567819,0.494554
64000,1,7.95467,0.808771,0.101673,0.732763,8.56505,3.77457,0.440694,0.481849,10.8967,0.340509,0.858915
64000,2,10.8967,0.735889,0.0675331,0.493841,11.2786,1.16354,0.103163,0.543965,11.9522,0.564065,0.878082
64000,3,11.9522,0.828218,0.0692944,0.244206,12.1831,1.44043,0.118232,0.464476,12.9146,0.696935,0.863455
64000,4,12.9146,0.917904,0.0710748,0.307794,13.2246,1.63196,0.123404,0.419406,13.9862,0.723899,0.839638
64000,5,13.9862,1.10278,0.0788479,0.166054,14.2101,2.41725,0.170108,0.551667,15.6713,0.831271,0.758825
64000,6,15.6713,1.32248,0.0843887,-0.0207684,15.6983,1.82514,0.116264,0.308622,16.3557,0.902918,0.700393
64000,7,16.3557,1.42242,0.0869677,0.106935,16.5693,2.2036,0.132993,0.365631,17.4958,1.08434,0.667814
64000,8,17.4958,1.5375,0.0878784,0.106225,17.7275,2.56384,0.144625,0.343488,18.7635,1.02212,0.668806
64000,9,18.7635,1.45035,0.0772965,0.18578,19.0881,3.00355,0.157352,0.341254,20.3077,0.957721,0.669473
64000,10,20.3077,1.66676,0.0820753,0.130312,20.5936,3.0694,0.149046,0.336597,21.8197,0.970829,0.651624
64000,11,21.8197,1.7617,0.080739,0.15172,22.1571,3.19866,0.144363,0.282909,23.263,1.0379,0.642713
64000,12,23.263,1.78958,0.0769283,0.185113,23.66,3.35312,0.141721,0.224939,24.631,0.981557,0.640859
64000,13,24.631,1.67442,0.0679805,0.186955,24.9998,3.5082,0.140329,0.193645,25.9077,1.03164,0.635428
64000,14,25.9077,2.02809,0.0782815,0.206503,26.4,3.70138,0.140204,0.147358,27.1928,1.00041,0.617287
64000,15,27.1928,2.28259,0.0839408,0.134673,27.5928,3.93087,0.14246,0.0872536,28.2089,1.118,0.606905
64000,16,28.2089,2.8985,0.102751,0.182648,28.8786,4.40554,0.152554,0.0971593,29.6322,1.13706,0.582269
64000,17,29.6322,4.07186,0.137413,0.0964731,30.2989,5.12988,0.169309,0.0892459,31.1775,1.25965,0.560089
64000,18,31.1775,3.22363,0.103396,0.138079,31.7828,5.6292,0.177115,0.10739,32.866,1.22634,0.550712
64000,19,32.866,4.91489,0.149543,0.169651,34.0478,6.36854,0.187047,0.125509,35.4151,1.33971,0.548914
64000,20,35.4151,4.25611,0.120178,0.154085,36.3159,7.46408,0.205532,0.121628,37.9535,1.21511,0.557269
64000,21,37.9535,4.95541,0.130565,0.135622,38.9362,8.4542,0.217129,0.129537,40.8998,1.21594,0.556049
64000,22,40.8998,5.99347,0.14654,0.163132,42.2921,8.86591,0.209635,0.122377,44.2602,1.46466,0.554508
64000,23,44.2602,6.81296,0.153929,0.154846,45.813,10.1755,0.222109,0.184297,48.7256,1.46524,0.56104
64000,24,48.7256,8.12572,0.166765,0.249386,51.3584,11.8619,0.230963,0.22293,55.2266,1.43302,0.574636
64000,25,55.2266,5.72472,0.103659,0.252104,56.9399,13.2737,0.233118,0.239637,61.4859,1.35542,0.600631
64000,26,61.4859,6.07312,0.0987726,0.197736,62.968,14.0405,0.222979,0.237478,67.6909,1.29809,0.620726
64000,27,67.6909,8.17544,0.120776,0.243113,70.1281,14.9166,0.212705,0.269434,75.5247,1.55698,0.643786
64000,28,75.5247,6.44776,0.0853729,0.26524,77.4844,15.3044,0.197515,0.27364,82.9876,1.42071,0.66473
64000,29,82.9876,6.61173,0.0796713,0.276011,85.0506,15.812,0.185913,0.261877,90.4871,1.45284,0.682945
64000,30,90.4871,9.08192,0.100367,0.331402,93.889,17.1328,0.182479,0.3316,100.876,1.63451,0.706243
64000,31,100.876,7.53188,0.074665,0.400851,104.124,16.9602,0.162885,0.33735,111,1.27563,0.727636
64000,32,111,8.56007,0.0771178,0.426078,114.909,17.6536,0.153631,0.365554,122.469,1.41587,0.740666
64000,33,122.469,6.53756,0.0533815,0.322395,124.729,17.4421,0.139841,0.376768,132.29,1.41415,0.75729
64000,34,132.29,9.98761,0.0754977,0.370503,136.308,16.9747,0.124532,0.353601,143.194,1.63006,0.777442
64000,35,143.194,11.7653,0.0821635,0.520659,149.655,17.7267,0.118451,0.398137,157.555,1.50239,0.803143
64000,36,157.555,7.51082,0.0476711,0.533026,161.686,17.1817,0.106266,0.393654,169.189,1.2903,0.829247
64000,37,169.189,5.34895,0.0316153,0.595591,172.425,15.6934,0.0910155,0.319276,178.054,0.911394,0.8486
64000,38,178.054,6.79779,0.0381782,0.545582,181.859,15.6656,0.0861414,0.290817,187.016,1.20082,0.865367
64000,39,187.016,5.85674,0.0313168,0.493437,189.975,15.587,0.0820477,0.266148,194.702,0.984393,0.879271
64000,40,194.702,4.32319,0.0222041,0.509363,196.963,15.3514,0.0779405,0.238364,201.171,1.10223,0.891939
64000,41,201.171,4.15884,0.0206731,0.388553,202.754,15.6438,0.0771567,0.209747,206.607,1.04068,0.90382
64000,42,206.607,2.69077,0.0130236,0.519527,208.017,15.7879,0.0758969,0.186741,211.533,0.941841,0.915939
64000,43,211.533,2.78288,0.0131558,0.478579,212.909,16.0641,0.0754506,0.163067,216.111,0.988812,0.925971
64000,44,216.111,2.76918,0.0128137,0.300112,216.897,16.2927,0.0751171,0.148398,219.908,1.06748,0.932757
64000,45,219.908,5.25223,0.0238838,0.232161,221.212,16.8399,0.0761255,0.143584,224.247,1.17821,0.940252
64000,46,224.247,4.86716,0.0217045,0.241909,225.409,17.2652,0.076595,0.136848,228.415,1.25398,0.947956
64000,47,228.415,5.1307,0.0224622,0.260265,229.82,17.8658,0.077738,0.141637,233.019,1.07966,0.954765
64000,48,233.019,6.15724,0.0264238,0.217189,234.404,18.9727,0.0809402,0.147153,237.932,1.38946,0.960991
64000,49,237.932,5.85222,0.0245962,0.22431,239.253,20.6769,0.0864226,0.161464,243.453,1.32146,0.973039
64000,50,243.453,7.08256,0.0290921,0.145774,244.586,22.1735,0.090657,0.154469,248.98,1.25292,0.977919
64000,51,248.98,4.89726,0.0196692,0.145488,249.766,23.7695,0.0951671,0.161129,254.676,1.40925,0.985397
64000,52,254.676,6.48897,0.0254794,0.225055,256.205,24.9502,0.0973836,0.165184,261.481,1.3558,0.988918
64000,53,261.481,6.92728,0.0264925,0.15584,262.641,29.5079,0.112351,0.182644,269.594,1.53895,0.994981
64000,54,269.594,6.52668,0.0242093,0.14193,270.575,32.9878,0.121917,0.160307,277.779,1.40443,1.00296
64000,55,277.779,9.69036,0.0348851,0.195124,279.823,35.4247,0.126597,0.176425,288.192,1.47865,1.0008
64000,56,288.192,11.3133,0.039256,0.207415,290.733,40.8246,0.14042,0.202687,301.665,1.52818,1.00395
64000,57,301.665,8.55543,0.0283607,0.200166,303.46,47.0735,0.155122,0.227054,317.477,1.42286,1.01697
64000,58,317.477,9.95461,0.0313554,0.232123,319.911,52.2867,0.163441,0.257717,337.188,1.48026,1.02027
64000,59,337.188,6.46417,0.0191708,0.208844,338.545,63.9738,0.188967,0.296818,362.711,1.32298,1.01538
64000,60,362.711,5.49029,0.0151368,0.230682,363.98,62.4167,0.171484,0.337191,389.492,1.17615,1.03117
64000,61,389.492,6.28083,0.0161257,0.126179,390.353,76.0012,0.194699,0.339958,422.277,1.1343,1.0579
64000,62,422.277,5.37343,0.0127249,0.146007,423.13,142.364,0.336454,0.266596,481.059,1.03318,1.09671
64000,63,481.059,4.08476,0.00849118,0.12901,481.484,174.021,0.361426,0.440522,579.578,0.978517,1.19006
8000,0,0.0209844,1.78823,85.2171,0.0554603,1.78944,2.57694,1.44008,0.0541519,3.21599,0.94643,0.914528
8000,1,3.21599,0.914903,0.284485,-0.00409593,3.33985,1.34705,0.403326,0.341763,4.00548,0.938656,0.907312
8000,2,4.00548,1.01206,0.25267,0.025827,4.15666,1.52015,0.365715,0.111296,4.58161,0.985406,0.914166
8000,3,4.58161,1.37759,0.300678,0.0146981,4.80353,1.83106,0.381191,0.0784455,5.27338,1.01222,0.887662
8000,4,5.27338,1.34743,0.255514,0.0306956,5.48267,2.01211,0.366995,0.0913165,6.01015,1.00346,0.892632
8000,5,6.01015,1.89533,0.315356,0.0775352,6.44055,2.25832,0.350641,0.11148,7.05856,1.03194,0.866935
8000,6,7.05856,2.25983,0.320154,0.0581741,7.53564,2.12915,0.282544,0.106572,8.04615,1.05163,0.854052
8000,7,8.04615,2.02169,0.251262,0.0791151,8.44995,2.36545,0.279937,0.0925647,8.98316,1.06292,0.865881
8000,8,8.98316,1.71782,0.191227,0.114092,9.33652,2.37432,0.254305,0.145063,9.96192,1.01965,0.875093
8000,9,9.96192,0.747007,0.0749862,0.0368574,10.0173,2.33146,0.232743,0.149935,10.62,0.969042,0.888955
8000,10,10.62,1.32079,0.124368,0.123873,10.863,2.35265,0.216574,0.144213,11.4416,0.98738,0.897884
8000,11,11.4416,0.912573,0.0797595,0.105173,11.5732,2.37689,0.20538,0.120521,12.0921,0.971577,0.909347
8000,12,12.0921,0.764795,0.0632478,0.0932911,12.1872,2.43574,0.19986,0.112856,12.6949,0.963419,0.919109
8000,13,12.6949,0.628768,0.0495294,0.0329215,12.7311,2.47083,0.194078,0.0976556,13.2034,0.962439,0.929594
8000,14,13.2034,0.476546,0.0360927,0.0152486,13.2193,2.49278,0.188572,0.0805427,13.6481,0.947334,0.93709
8000,15,13.6481,0.844994,0.061913,0.0853411,13.746,2.53627,0.18451,0.0684084,14.1475,0.966618,0.943985
8000,16,14.1475,0.59477,0.0420405,0.0489984,14.1891,2.64084,0.186118,0.0507581,14.5639,0.956051,0.948175
8000,17,14.5639,2.51884,0.172951,0.141418,15.127,2.73996,0.18113,0.0577251,15.528,1.02098,0.949728
8000,18,15.528,0.947812,0.0610387,0.0909021,15.6427,2.77031,0.177099,0.0509586,16.0244,0.967854,0.955229
8000,19,16.0244,2.13325,0.133125,0.117013,16.4114,2.81087,0.171276,0.0467398,16.7794,1.01341,0.962434
8000,20,16.7794,0.898215,0.053531,0.0730716,16.8688,2.85267,0.16911,0.0495959,17.2471,0.966346,0.966474
8000,21,17.2471,1.58543,0.091924,0.0441861,17.3894,2.89202,0.166309,0.0463905,17.7601,0.98119,0.971522
8000,22,17.7601,2.21357,0.124637,0.0627599,18.0348,2.88094,0.159743,0.0267696,18.3395,1.03758,0.97597
8000,23,18.3395,2.21973,0.121035,0.142612,18.785,2.90756,0.154781,0.038288,19.1184,1.02854,0.978472
8000,24,19.1184,2.64385,0.138288,0.137003,19.6558,2.94508,0.149832,0.0518346,20.0256,1.02057,0.984532
8000,25,20.0256,1.71973,0.0858767,0.0872853,20.2482,2.95254,0.145817,0.0568005,20.6276,1.00101,0.990332
8000,26,20.6276,0.963052,0.0466877,0.0507205,20.6987,2.98801,0.144357,0.05492,21.0751,0.978066,0.995021
8000,27,21.0751,2.44494,0.116011,0.108039,21.4772,3.01374,0.140322,0.0671692,21.8871,1.03612,1.00084
8000,28,21.8871,1.20828,0.0552049,0.0692714,22.0038,3.04302,0.138295,0.0713901,22.4274,0.984786,1.00605
8000,29,22.4274,1.23207,0.0549357,0.0612392,22.5363,3.05032,0.135351,0.0752089,22.968,1.00072,1.01179
8000,30,22.968,1.42267,0.0619416,0.115827,23.1759,3.12768,0.134954,0.0788306,23.629,1.00673,1.01752
8000,31,23.629,0.699287,0.0295945,0.0638961,23.6839,3.18074,0.134299,0.0835765,24.1586,0.961644,1.02305
8000,32,24.1586,1.01592,0.0420522,0.117614,24.299,3.20511,0.131903,0.0841173,24.7753,0.972282,1.02702
8000,33,24.7753,0.732237,0.0295551,0.0468576,24.8203,3.26433,0.131519,0.086008,25.3109,0.965598,1.03255
8000,34,25.3109,1.27657,0.0504357,0.0845797,25.4506,3.31402,0.130214,0.0875058,25.9513,0.981772,1.03768
8000,35,25.9513,1.06439,0.0410147,0.122576,26.1032,3.3577,0.128632,0.0901244,26.6166,0.967479,1.04309
8000,36,26.6166,0.641503,0.0241016,0.0560488,26.6602,3.38598,0.127005,0.089209,27.1723,0.956908,1.04794
8000,37,27.1723,0.373457,0.013744,0.0135278,27.1799,3.41753,0.125738,0.0844606,27.6787,0.945962,1.05339
8000,38,27.6787,0.976691,0.0352867,0.196749,27.8873,3.48074,0.124815,0.0869747,28.4025,0.962447,1.05839
8000,39,28.4025,0.404727,0.0142497,0.0329212,28.4186,3.52324,0.123976,0.0868476,28.9383,0.945757,1.06336
8000,40,28.9383,0.522441,0.0180536,0.035342,28.9614,3.57254,0.123355,0.0861437,29.4847,0.951207,1.06813
8000,41,29.4847,0.421615,0.0142994,0.028016,29.4995,3.61791,0.122643,0.0817047,30.0124,0.947265,1.07371
8000,42,30.0124,0.379143,0.0126329,0.0121245,30.0194,3.65002,0.121589,0.0788575,30.5248,0.946515,1.0785
8000,43,30.5248,0.424303,0.0139003,0.0249067,30.5382,3.68501,0.120669,0.0764428,31.0381,0.948011,1.08313
8000,44,31.0381,0.463371,0.0149291,0.0160888,31.049,3.7084,0.119437,0.0731736,31.538,0.949292,1.08788
8000,45,31.538,0.96192,0.0305004,0.0344856,31.5857,3.74469,0.118557,0.0733218,32.0784,0.968887,1.09223
8000,46,32.0784,0.883954,0.0275561,0.0399166,32.1257,3.75401,0.116854,0.0720645,32.6118,0.97725,1.09654
8000,47,32.6118,1.07442,0.0329458,0.0336567,32.6656,3.79234,0.116096,0.0714054,33.1529,0.962473,1.10104
8000,48,33.1529,1.19842,0.0361484,0.0662877,33.2538,3.8514,0.115818,0.0735515,33.7563,0.998016,1.10503
8000,49,33.7563,1.20464,0.0356864,0.0441644,33.8309,3.90205,0.11534,0.0735426,34.339,1.00664,1.10912
8000,50,34.339,0.986526,0.028729,0.0426287,34.3951,3.94818,0.114789,0.0731141,34.9066,0.967968,1.11192
8000,51,34.9066,0.754859,0.0216251,0.0606218,34.9604,3.98249,0.113915,0.0774402,35.4915,0.974976,1.11458
8000,52,35.4915,0.620261,0.0174763,0.0804966,35.5467,4.02241,0.113158,0.0795186,36.0899,0.965696,1.11704
8000,53,36.0899,1.19931,0.0332313,0.0767852,36.2017,4.08974,0.112971,0.0917882,36.8031,1.00054,1.11922
8000,54,36.8031,0.968372,0.0263123,0.0511829,36.8652,4.1353,0.112173,0.102132,37.5136,0.984952,1.12055
8000,55,37.5136,2.16347,0.0576717,0.171853,37.9452,4.3127,0.113656,0.1354,38.7653,1.01091,1.12041
8000,56,38.7653,1.50055,0.0387087,0.150565,39.0193,4.44717,0.113974,0.171503,40.0224,0.988966,1.12035
8000,57,40.0224,1.49743,0.0374148,0.108695,40.2125,4.70963,0.117119,0.214465,41.4783,1.01013,1.11644
8000,58,41.4783,1.57185,0.0378956,0.2074,41.8325,5.20583,0.124445,0.282581,43.5904,1.00801,1.11119
8000,59,43.5904,1.71821,0.0394171,0.25625,44.0619,6.37769,0.144744,0.368241,46.7875,1.01051,1.10347
8000,60,46.7875,0.860397,0.0183894,0.226164,46.9895,6.98718,0.148697,0.441693,50.4665,0.987019,1.08971
8000,61,50.4665,1.16488,0.0230822,0.222113,50.7381,9.12759,0.179896,0.487421,55.7594,0.999526,1.07206
8000,62,55.7594,1.16562,0.0209045,0.226457,56.0344,8.77887,0.156669,0.532799,61.164,0.988056,1.04289
8000,63,61.164,0.551226,0.00901225,0.341886,61.3517,7.78932,0.126962,0.43758,65.1373,0.985982,1.01043
24000,0,0.0295047,6.35358,215.341,0.0128766,6.35402,2.38737,0.375726,0.483265,7.793,0.543036,0.690773
24000,1,7.793,0.764351,0.0980817,0.235873,8.00782,4.9466,0.617722,0.255421,10.4318,0.697278,0.914034
24000,2,10.4318,0.794194,0.0761321,0.123376,10.556,1.25131,0.11854,0.237688,10.9177,0.854608,0.921267
24000,3,10.9177,1.02878,0.0942311,0.0851125,11.0518,1.61762,0.146368,0.245409,11.5514,0.937341,0.848223
24000,4,11.5514,1.08672,0.094077,0.12859,11.7403,1.84781,0.157391,0.257846,12.3451,0.939137,0.812021
24000,5,12.3451,1.40304,0.113652,0.132364,12.6085,3.09695,0.245624,0.264595,13.7599,1.01626,0.723897
24000,6,13.7599,1.70969,0.124252,0.0765372,13.9916,2.00705,0.143446,0.159782,14.4509,1.07664,0.663736
24000,7,14.4509,1.7716,0.122595,0.150824,14.8189,2.3101,0.155889,0.215557,15.4817,1.14586,0.647474
24000,8,15.4817,1.82795,0.118072,0.145394,15.8483,2.61098,0.164748,0.250251,16.6957,1.10882,0.661951
24000,9,16.6957,1.47423,0.0883003,0.165733,17.0059,2.84657,0.167387,0.243342,17.9134,1.01084,0.682059
24000,10,17.9134,1.76433,0.0984922,0.163601,18.2845,2.99889,0.164013,0.233561,19.21,1.04853,0.680104
24000,11,19.21,1.81762,0.0946184,0.173554,19.6094,3.19244,0.162801,0.223356,20.5605,1.06677,0.688221
24000,12,20.5605,1.81064,0.088064,0.203716,21.0057,3.30706,0.157436,0.196268,21.8929,1.01403,0.699923
24000,13,21.8929,1.45536,0.0664766,0.144922,22.1487,3.42132,0.15447,0.166702,22.9687,1.00997,0.710503
24000,14,22.9687,1.57168,0.068427,0.149067,23.2552,3.5567,0.152942,0.114277,23.9244,0.952617,0.708484
24000,15,23.9244,2.03651,0.0851227,0.132546,24.2786,3.73112,0.153679,0.0854503,24.8746,1.06961,0.704968
24000,16,24.8746,2.25737,0.0907499,0.167972,25.3508,4.0133,0.158311,0.0584296,25.8972,1.01602,0.689818
24000,17,25.8972,4.00265,0.154559,0.11523,26.657,4.47357,0.16782,0.0700344,27.3384,1.20293,0.666863
24000,18,27.3384,2.69087,0.0984281,0.129648,27.8154,4.67586,0.168104,0.0846684,28.5949,1.11584,0.665764
24000,19,28.5949,4.32845,0.151371,0.173776,29.6557,5.14811,0.173596,0.107069,30.6373,1.21141,0.674402
24000,20,30.6373,3.12181,0.101896,0.170983,31.322,5.61482,0.179261,0.123477,32.4958,1.07787,0.686046
24000,21,32.4958,3.49057,0.107416,0.0894366,32.9914,5.98312,0.181354,0.118706,34.2216,1.05334,0.688353
24000,22,34.2216,4.39354,0.128385,0.107169,34.967,6.01575,0.17204,0.118663,36.177,1.28579,0.689735
24000,23,36.177,4.97322,0.137469,0.158009,37.2873,6.59625,0.176903,0.154324,38.8551,1.26367,0.69297
24000,24,38.8551,5.76912,0.148478,0.240718,40.6317,7.30775,0.179853,0.18473,42.5902,1.21176,0.702226
24000,25,42.5902,3.88645,0.0912522,0.182578,43.4682,7.81937,0.179887,0.199758,45.6773,1.13737,0.720168
24000,26,45.6773,3.7321,0.0817058,0.14272,46.3585,8.14922,0.175787,0.188473,48.5582,1.09301,0.731076
24000,27,48.5582,5.92639,0.122047,0.200622,50.0853,8.4408,0.168528,0.227327,52.6503,1.27029,0.746499
24000,28,52.6503,4.24228,0.0805747,0.198528,53.6542,8.56563,0.159645,0.228274,56.2317,1.15934,0.760119
24000,29,56.2317,4.36586,0.0776406,0.207771,57.297,8.80933,0.153749,0.230518,59.943,1.19543,0.77334
24000,30,59.943,5.75057,0.0959339,0.276826,61.783,9.3149,0.150768,0.281809,65.0248,1.26448,0.792048
24000,31,65.0248,4.00657,0.061616,0.321247,66.4207,9.08982,0.136852,0.281549,69.5297,1.01944,0.810159
24000,32,69.5297,4.98351,0.0716746,0.385668,71.5975,9.42139,0.131588,0.303792,74.9975,1.08943,0.824561
24000,33,74.9975,3.48698,0.0464947,0.296479,76.1033,9.255,0.121611,0.300748,79.3787,1.07689,0.841833
24000,34,79.3787,5.49305,0.0692006,0.338234,81.4037,9.4379,0.115939,0.299385,84.7083,1.16606,0.862503
24000,35,84.7083,5.31555,0.0627512,0.45145,87.2336,9.56036,0.109595,0.303728,90.5959,1.10761,0.883537
24000,36,90.5959,2.94412,0.0324972,0.426546,91.8913,9.39086,0.102195,0.292551,95.0604,0.98928,0.901543
24000,37,95.0604,1.95319,0.0205468,0.505425,96.0469,9.10408,0.0947879,0.256281,98.7733,0.839338,0.917532
24000,38,98.7733,3.46924,0.0351233,0.475154,100.468,9.18375,0.0914096,0.236397,103.026,0.991134,0.931586
24000,39,103.026,2.34888,0.0227989,0.414159,104.024,9.29687,0.0893721,0.223359,106.487,0.854741,0.943561
24000,40,106.487,1.78471,0.01676,0.418268,107.261,9.30937,0.0867913,0.205827,109.557,0.911309,0.954977
24000,41,109.557,1.74046,0.0158864,0.331663,110.146,9.41703,0.0854961,0.184509,112.264,0.879023,0.966123
24000,42,112.264,1.20055,0.010694,0.403966,112.695,9.51792,0.0844577,0.170862,114.704,0.850012,0.975349
24000,43,114.704,1.27677,0.011131,0.372023,115.15,9.58954,0.0832785,0.153489,117.007,0.869572,0.984977
24000,44,117.007,1.54638,0.0132162,0.236242,117.397,9.75903,0.0831287,0.145921,119.212,0.895708,0.992084
24000,45,119.212,2.79667,0.0234596,0.189745,119.753,9.95967,0.0831686,0.140485,121.557,0.979357,0.999298
24000,46,121.557,2.24073,0.0184336,0.194304,122.033,10.0201,0.0821099,0.133596,123.772,1.00709,1.007
24000,47,123.772,3.03828,0.0245474,0.139419,124.247,10.2377,0.0823984,0.135652,126.042,0.947316,1.01307
24000,48,126.042,3.08195,0.0244517,0.171834,126.627,10.4852,0.0828033,0.135563,128.468,1.09184,1.01779
24000,49,128.468,3.10074,0.0241363,0.151607,128.988,10.8681,0.0842565,0.139368,130.942,1.07551,1.02705
24000,50,130.942,3.02251,0.0230827,0.102698,131.262,11.3105,0.0861676,0.132267,133.229,0.995091,1.03181
24000,51,133.229,2.06333,0.0154871,0.122138,133.448,11.6721,0.0874657,0.132442,135.488,1.04998,1.03763
24000,52,135.488,2.45223,0.0180993,0.161991,135.886,11.9656,0.0880562,0.136157,138.028,1.0196,1.04141
24000,53,138.028,3.14332,0.0227731,0.12228,138.434,12.8347,0.0927133,0.154924,140.992,1.13243,1.04729
24000,54,140.992,2.86038,0.0202875,0.0725514,141.266,13.4337,0.0950951,0.156978,143.988,1.07409,1.05421
24000,55,143.988,5.8298,0.0404882,0.157814,145.025,15.2013,0.104819,0.18872,148.643,1.14348,1.05445
24000,56,148.643,5.07323,0.0341302,0.189651,149.692,16.7845,0.112127,0.228289,154.392,1.1251,1.05929
24000,57,154.392,4.47154,0.0289623,0.13885,155.081,19.7454,0.127323,0.277358,161.672,1.12825,1.06861
24000,58,161.672,5.32912,0.0329625,0.207644,162.859,23.3367,0.143294,0.345877,172.325,1.15738,1.07573
24000,59,172.325,4.1051,0.0238219,0.178237,173.103,29.6331,0.171188,0.379421,186.373,1.1102,1.08376
24000,60,186.373,2.90253,0.0155738,0.14507,186.812,34.3773,0.184021,0.35445,201.578,1.04636,1.09809
24000,61,201.578,3.04365,0.0150991,0.148343,202.065,44.8025,0.221723,0.360466,222.183,1.05755,1.11983
24000,62,222.183,2.43186,0.0109453,0.215981,222.741,40.5866,0.182215,0.450574,243.731,1.00631,1.11587
24000,63,243.731,1.57633,0.00646751,0.203123,243.913,24.943,0.102262,0.444927,255.985,0.973761,1.06313
34454,0,0.0335152,6.603,197.015,0.0110203,6.60344,2.7276,0.413058,0.664006,8.65826,0.308753,0.606951
34454,1,8.65826,0.702215,0.0811035,0.329854,8.91472,5.656,0.634456,0.286741,11.8471,0.571453,0.91029
34454,2,11.8471,0.762213,0.0643378,0.214496,12.0309,1.20962,0.100542,0.316597,12.4627,0.765631,0.924602
34454,3,12.4627,0.952834,0.0764548,0.0939903,12.59,1.58041,0.125529,0.292961,13.1418,0.870849,0.865001
34454,4,13.1418,1.02648,0.0781082,0.14578,13.3293,1.81988,0.136532,0.299633,13.9843,0.877563,0.826859
34454,5,13.9843,1.26914,0.0907548,0.0941438,14.1602,4.19504,0.296255,0.247621,15.7336,0.965683,0.734981
34454,6,15.7336,1.55047,0.0985453,0.0522089,15.8937,1.94118,0.122135,0.196813,16.391,1.03138,0.672093
34454,7,16.391,1.62941,0.0994089,0.13106,16.68,2.28858,0.137205,0.271028,17.4441,1.13757,0.647691
34454,8,17.4441,1.70526,0.0977557,0.11604,17.7205,2.63257,0.14856,0.295356,18.6673,1.09051,0.657257
34454,9,18.6673,1.49356,0.0800093,0.169027,18.9801,2.87372,0.151407,0.293887,20.017,1.00563,0.671209
34454,10,20.017,1.75487,0.0876691,0.174587,20.3979,3.00648,0.147392,0.278813,21.4317,1.03718,0.663836
34454,11,21.4317,1.79983,0.0839795,0.145002,21.7659,3.19369,0.146729,0.258974,22.8049,1.07254,0.66605
34454,12,22.8049,1.80547,0.0791704,0.2,23.232,3.3178,0.142812,0.21824,24.1755,1.01641,0.673574
34454,13,24.1755,1.53709,0.0635805,0.155816,24.4642,3.42879,0.140155,0.186658,25.3266,1.02857,0.67783
34454,14,25.3266,1.77522,0.0700932,0.150353,25.6548,3.61918,0.141072,0.130625,26.3718,0.980279,0.669095
34454,15,26.3718,2.12048,0.0804072,0.126798,26.7232,3.81008,0.142576,0.0867703,27.3186,1.10187,0.662498
34454,16,27.3186,2.52837,0.0925512,0.176817,27.876,4.13824,0.148452,0.0732002,28.481,1.06694,0.642257
34454,17,28.481,4.00137,0.140492,0.110228,29.1958,4.6522,0.159345,0.0799481,29.9295,1.23581,0.619271
34454,18,29.9295,2.87841,0.096173,0.115118,30.3943,4.93905,0.162499,0.097732,31.2671,1.16718,0.614261
34454,19,31.2671,4.50839,0.14419,0.179793,32.3844,5.51375,0.17026,0.126577,33.5326,1.26683,0.619172
34454,20,33.5326,3.50329,0.104474,0.171331,34.3073,6.18518,0.180288,0.131273,35.6503,1.13291,0.6302
34454,21,35.6503,3.86636,0.108452,0.104022,36.2567,6.71361,0.185169,0.12015,37.6583,1.10657,0.630319
34454,22,37.6583,4.85423,0.128902,0.127405,38.5792,6.88698,0.178515,0.123555,40.0174,1.35507,0.629351
34454,23,40.0174,5.50094,0.137464,0.1517,41.2128,7.70862,0.187044,0.167188,43.1754,1.33558,0.633534
34454,24,43.1754,6.4558,0.149525,0.240893,45.1664,8.71577,0.19297,0.198591,47.6677,1.28838,0.642974
34454,25,47.6677,4.43896,0.093123,0.202027,48.7571,9.44232,0.19366,0.213693,51.6055,1.20032,0.663035
34454,26,51.6055,4.50789,0.0873529,0.155445,52.4964,9.93748,0.189298,0.204412,55.388,1.15138,0.675531
34454,27,55.388,6.7309,0.121523,0.222937,57.2669,10.3801,0.181259,0.249755,60.6964,1.35963,0.692674
34454,28,60.6964,5.07643,0.0836364,0.235567,62.0876,10.5253,0.169524,0.252511,65.5425,1.24421,0.708351
34454,29,65.5425,5.21928,0.0796319,0.24322,67.0027,10.8696,0.162226,0.249157,70.5016,1.27799,0.723224
34454,30,70.5016,7.17807,0.101814,0.318299,73.1034,11.5079,0.15742,0.317,77.5234,1.3829,0.744241
34454,31,77.5234,5.27604,0.0680574,0.376209,79.6576,11.1416,0.139869,0.312921,83.8145,1.09214,0.764723
34454,32,83.8145,6.24086,0.0744604,0.427416,86.664,11.6288,0.134182,0.336922,91.2422,1.18321,0.779828
34454,33,91.2422,4.50688,0.0493947,0.33583,92.8548,11.399,0.122761,0.332486,97.2407,1.17992,0.798606
34454,34,97.2407,7.18126,0.0738503,0.382733,100.211,11.577,0.115526,0.331388,104.618,1.30408,0.82169
34454,35,104.618,7.48456,0.0715421,0.5117,108.638,11.8122,0.10873,0.350477,113.32,1.22381,0.847477
34454,36,113.32,4.37616,0.0386176,0.507334,115.6,11.5337,0.0997724,0.3268,119.867,1.07762,0.870261
34454,37,119.867,3.01623,0.0251632,0.580389,121.646,10.9324,0.0898704,0.276598,125.107,0.850338,0.88901
34454,38,125.107,4.4575,0.0356294,0.532785,127.533,11.0001,0.0862527,0.254947,130.77,1.05094,0.904936
34454,39,130.77,3.3333,0.0254898,0.455834,132.302,11.0007,0.0831488,0.232947,135.289,0.883846,0.917517
34454,40,135.289,2.50662,0.0185279,0.461784,136.487,11.0223,0.0807572,0.214115,139.262,0.960801,0.929062
34454,41,139.262,2.43866,0.0175113,0.351279,140.068,11.151,0.0796109,0.188428,142.59,0.918306,0.939979
34454,42,142.59,1.75794,0.0123287,0.484622,143.358,11.2829,0.078704,0.169774,145.699,0.86734,0.94981
34454,43,145.699,1.69906,0.0116615,0.405223,146.424,11.4748,0.078367,0.152692,148.61,0.897192,0.959026
34454,44,148.61,1.88172,0.0126621,0.23927,149.15,11.6405,0.0780456,0.140257,151.226,0.938538,0.965066
34454,45,151.226,3.29856,0.0218122,0.201336,152.003,11.9494,0.0786129,0.137597,154.109,1.0313,0.971188
34454,46,154.109,2.92341,0.0189697,0.212401,154.842,12.0421,0.0777704,0.130885,156.874,1.06999,0.977492
34454,47,156.874,4.24297,0.027047,0.139372,157.602,12.3601,0.0784262,0.133028,159.717,0.980685,0.982846
34454,48,159.717,3.88828,0.0243448,0.171428,160.474,12.7843,0.079666,0.13103,162.641,1.17195,0.986531
34454,49,162.641,3.8572,0.0237161,0.165438,163.282,13.5451,0.0829555,0.139267,165.709,1.13874,0.994832
34454,50,165.709,3.95051,0.02384,0.116087,166.16,14.1511,0.0851658,0.12824,168.555,1.06153,0.998265
34454,51,168.555,2.7845,0.0165198,0.130615,168.848,14.6403,0.0867069,0.130656,171.375,1.14263,1.00362
34454,52,171.375,3.56704,0.0208142,0.160915,171.955,15.1866,0.088317,0.134649,174.651,1.10834,1.00497
34454,53,174.651,4.16622,0.0238545,0.110489,175.151,16.5607,0.0945508,0.153421,178.443,1.2403,1.01039
34454,54,178.443,3.75479,0.021042,0.0662545,178.793,17.5283,0.0980366,0.146774,182.194,1.15979,1.01531
34454,55,182.194,7.27062,0.0399059,0.144406,183.387,20.2343,0.110337,0.172166,187.932,1.2341,1.01263
34454,56,187.932,6.77471,0.0360487,0.185555,189.318,22.2722,0.117644,0.202229,195.045,1.23647,1.01385
34454,57,195.045,5.8353,0.0299177,0.131644,195.871,26.2,0.133761,0.249958,204.006,1.20768,1.02185
34454,58,204.006,6.68226,0.0327552,0.176142,205.276,30.5262,0.148708,0.297786,216.34,1.24641,1.02407
34454,59,216.34,5.64,0.0260701,0.0800814,216.874,40.3643,0.186119,0.316894,232.833,1.16951,1.02501
34454,60,232.833,3.72578,0.016002,0.129583,233.346,45.0521,0.19307,0.31493,251.199,1.08483,1.03766
34454,61,251.199,5.11478,0.0203614,0.127753,251.923,78.9956,0.31357,0.240032,281.532,1.08654,1.06717
34454,62,281.532,4.17478,0.0148288,0.206692,282.419,92.0786,0.326035,0.351998,326.424,1.01597,1.09448
34454,63,326.424,2.6536,0.00812933,0.166559,326.778,1371.29,4.19639,0.184417,1467.12,0.974122,1.10832
44000,0,0.0373355,6.02242,161.306,0.00945987,6.02288,2.74617,0.455956,0.778975,8.3418,0.148278,0.561234
44000,1,8.3418,0.720641,0.0863891,0.6041,8.79607,3.76114,0.427594,0.349101,10.7049,0.471304,0.896362
44000,2,10.7049,0.708676,0.0662012,0.366031,10.9847,1.11583,0.10158,0.442112,11.5215,0.685624,0.921681
44000,3,11.5215,0.825901,0.0716833,0.122687,11.652,1.43873,0.123475,0.394507,12.2907,0.804139,0.873259
44000,4,12.2907,0.889287,0.0723544,0.158556,12.4619,1.671,0.134089,0.372083,13.1761,0.817471,0.837566
44000,5,13.1761,1.13694,0.0862877,0.127091,13.3684,5.6085,0.419534,0.249143,15.7353,0.915513,0.7471
44000,6,15.7353,1.39264,0.0885045,0.0143919,15.8198,1.84086,0.116364,0.253423,16.3819,0.98549,0.684016
44000,7,16.3819,1.4947,0.0912413,0.138036,16.6564,2.18215,0.13101,0.329363,17.4984,1.12064,0.654845
44000,8,17.4984,1.57293,0.0898896,0.0939394,17.7185,2.55362,0.144121,0.330196,18.7152,1.06623,0.660492
44000,9,18.7152,1.46048,0.0780369,0.189095,19.0465,2.83081,0.148626,0.330465,20.1593,0.990108,0.669043
44000,10,20.1593,1.69365,0.0840135,0.1507,20.4838,3.00582,0.146742,0.310071,21.6034,1.01566,0.657365
44000,11,21.6034,1.79946,0.0832954,0.166135,21.9731,3.21189,0.146174,0.274574,23.0602,1.06358,0.655498
44000,12,23.0602,1.82224,0.079021,0.19834,23.4876,3.37709,0.143781,0.221879,24.4592,1.00691,0.659357
44000,13,24.4592,1.62881,0.066593,0.176265,24.7968,3.5081,0.141474,0.185636,25.6828,1.03248,0.659387
44000,14,25.6828,1.91673,0.0746307,0.180111,26.0936,3.70239,0.141889,0.133447,26.8368,0.992449,0.646239
44000,15,26.8368,2.21799,0.0826471,0.136493,27.2296,3.91009,0.143597,0.0894958,27.8508,1.11338,0.637745
44000,16,27.8508,2.77779,0.0997384,0.216943,28.585,4.2921,0.150152,0.082433,29.2507,1.09784,0.615847
44000,17,29.2507,4.08245,0.139567,0.108187,29.965,4.91029,0.163868,0.0862702,30.7765,1.25028,0.592864
44000,18,30.7765,3.05852,0.0993786,0.120907,31.2932,5.35201,0.171028,0.101374,32.2765,1.19438,0.585928
44000,19,32.2765,4.75355,0.147276,0.172197,33.4267,6.02835,0.180345,0.129367,34.7222,1.30036,0.588255
44000,20,34.7222,3.88588,0.111914,0.147319,35.5048,6.9297,0.195176,0.129291,37.0415,1.16643,0.598479
44000,21,37.0415,4.52588,0.122184,0.115948,37.8351,7.70847,0.203739,0.125752,39.5473,1.14759,0.598296
44000,22,39.5473,5.43648,0.137468,0.142749,40.6821,7.96278,0.195732,0.124867,42.4167,1.39865,0.596557
44000,23,42.4167,6.17098,0.145485,0.152708,43.7866,9.02961,0.206219,0.176214,46.239,1.38594,0.601787
44000,24,46.239,7.36013,0.159176,0.23304,48.4839,10.4148,0.21481,0.208939,51.6728,1.34343,0.613323
44000,25,51.6728,5.14456,0.0995604,0.22229,53.0527,11.4939,0.21665,0.221673,56.7173,1.25345,0.635427
44000,26,56.7173,5.23389,0.0922803,0.162517,57.7984,12.2158,0.211352,0.219707,61.6442,1.19796,0.650932
44000,27,61.6442,7.5307,0.122164,0.224153,63.7562,12.8341,0.2013,0.258771,68.2142,1.42823,0.670787
44000,28,68.2142,5.91372,0.0866935,0.238395,69.862,13.0431,0.186698,0.262603,74.3601,1.30624,0.688636
44000,29,74.3601,5.97722,0.0803821,0.246884,76.0561,13.4932,0.177411,0.257207,80.5882,1.33804,0.704531
44000,30,80.5882,8.09311,0.100425,0.313246,83.4782,14.4296,0.172855,0.324852,89.2153,1.47219,0.726274
44000,31,89.2153,6.19012,0.0693841,0.377991,91.7325,14.0151,0.152782,0.323239,97.1706,1.15181,0.747103
44000,32,97.1706,7.29471,0.0750712,0.419731,100.451,14.8288,0.147622,0.351486,106.571,1.26131,0.761816
44000,33,106.571,5.35169,0.0502173,0.321404,108.408,14.5372,0.134097,0.350265,114.315,1.25814,0.779906
44000,34,114.315,8.54818,0.0747771,0.37436,117.781,14.5124,0.123215,0.345342,123.545,1.41433,0.801438
44000,35,123.545,9.15945,0.0741388,0.508307,128.44,14.9961,0.116756,0.368473,134.692,1.3191,0.828719
44000,36,134.692,5.96398,0.0442788,0.5096,137.826,14.5766,0.105761,0.344289,143.497,1.14503,0.852914
44000,37,143.497,3.79755,0.0264643,0.571867,145.718,13.6664,0.0937866,0.291389,150.269,0.861424,0.872602
44000,38,150.269,5.4784,0.0364573,0.528134,153.23,13.6957,0.0893798,0.269391,157.471,1.0981,0.888512
44000,39,157.471,4.16586,0.0264547,0.439705,159.347,13.7311,0.0861712,0.248669,163.306,0.909519,0.90193
44000,40,163.306,3.09213,0.0189346,0.461193,164.778,13.6756,0.0829938,0.222818,168.353,1.00104,0.913712
44000,41,168.353,3.11008,0.0184735,0.33988,169.398,13.8186,0.0815746,0.197261,172.659,0.951185,0.925001
44000,42,172.659,2.00393,0.0116063,0.48389,173.588,13.9759,0.0805118,0.175256,176.576,0.883816,0.935797
44000,43,176.576,2.11927,0.012002,0.435805,177.429,14.1727,0.0798777,0.155984,180.191,0.919991,0.944715
44000,44,180.191,2.16212,0.0119991,0.280748,180.898,14.3396,0.0792692,0.140743,183.466,0.973632,0.95109
44000,45,183.466,4.10342,0.0223661,0.21365,184.357,14.8199,0.0803873,0.137315,186.967,1.07295,0.957684
44000,46,186.967,3.79874,0.0203177,0.225736,187.9,15.0667,0.0801846,0.129328,190.429,1.12394,0.964713
44000,47,190.429,4.34842,0.0228349,0.184475,191.269,15.5152,0.0811171,0.132641,193.943,1.00702,0.971166
44000,48,193.943,4.80962,0.0247992,0.18704,194.981,16.1884,0.0830255,0.133677,197.795,1.23842,0.975589
44000,49,197.795,4.59025,0.0232071,0.185566,198.785,17.2167,0.0866097,0.143151,201.968,1.19248,0.984399
44000,50,201.968,4.82145,0.0238723,0.11569,202.584,18.1827,0.0897536,0.132494,205.783,1.11641,0.988881
44000,51,205.783,3.61819,0.0175826,0.128658,206.195,19.0591,0.0924327,0.133905,209.597,1.22294,0.994491
44000,52,209.597,4.71199,0.0224812,0.166693,210.426,19.8589,0.0943746,0.143356,214.172,1.18285,0.996534
44000,53,214.172,5.15152,0.0240532,0.131203,214.839,21.8126,0.10153,0.167087,219.544,1.32907,1.002
44000,54,219.544,4.61712,0.0210306,0.0836241,219.959,23.3419,0.106119,0.158692,224.848,1.23147,1.00825
44000,55,224.848,8.02615,0.0356959,0.177856,226.417,26.9794,0.119158,0.175795,232.689,1.30824,1.00605
44000,56,232.689,8.45862,0.0363517,0.184528,234.392,29.983,0.127918,0.209079,242.436,1.32821,1.00645
44000,57,242.436,6.52367,0.0269089,0.156804,243.549,33.9884,0.139555,0.23529,253.703,1.27284,1.01485
44000,58,253.703,7.68199,0.0302794,0.187129,255.262,39.0725,0.153068,0.272127,268.542,1.31605,1.01605
44000,59,268.542,5.42857,0.020215,0.112997,269.197,48.0651,0.17855,0.293523,287.006,1.21206,1.01372
44000,60,287.006,4.47038,0.0155759,0.108025,287.528,53.9732,0.187715,0.322853,309.205,1.10937,1.02405
44000,61,309.205,4.98485,0.0161215,0.0532041,309.498,89.0541,0.287737,0.242013,342.142,1.09945,1.05367
44000,62,342.142,4.67567,0.0136659,0.137905,342.855,118.86,0.346679,0.345408,399.786,1.02067,1.08849
44000,63,399.786,3.13059,0.00783067,0.123863,400.002,1016.4,2.54099,0.222021,1171.45,0.974954,1.15556
56000,0,0.0404951,5.36849,132.572,0.00843913,5.36897,2.8635,0.533342,0.844183,7.93613,0.0729314,0.520664
56000,1,7.93613,0.698012,0.0879538,0.682933,8.42818,4.11973,0.488804,0.358818,10.6249,0.380819,0.869225
56000,2,10.6249,0.676184,0.0636415,0.43707,10.9394,1.13028,0.103322,0.543803,11.5912,0.604884,0.906796
56000,3,11.5912,0.788852,0.0680563,0.291492,11.8466,1.37864,0.116374,0.459497,12.5382,0.73101,0.872902
56000,4,12.5382,0.831534,0.06632,0.178949,12.7107,1.59738,0.125672,0.424462,13.4658,0.753855,0.843029
56000,5,13.4658,1.0686,0.0793571,0.195939,13.7148,3.32503,0.242442,0.420661,15.4101,0.858757,0.756657
56000,6,15.4101,1.28318,0.0832692,0.00737593,15.475,1.77061,0.114418,0.310145,16.111,0.930726,0.696804
56000,7,16.111,1.40925,0.0874714,0.139939,16.3684,2.12992,0.130124,0.358382,17.2484,1.09698,0.664555
56000,8,17.2484,1.4823,0.0859388,0.102798,17.4635,2.46376,0.14108,0.352046,18.4771,1.03639,0.66656
56000,9,18.4771,1.40259,0.0759093,0.182825,18.785,2.78385,0.148195,0.361183,19.9583,0.968623,0.669745
56000,10,19.9583,1.6134,0.0808388,0.138587,20.2462,2.92748,0.144594,0.341335,21.4245,0.986589,0.653878
56000,11,21.4245,1.7346,0.0809635,0.160952,21.7722,3.11385,0.14302,0.294411,22.8813,1.04704,0.647617
56000,12,22.8813,1.76822,0.077278,0.210415,23.3185,3.23696,0.138815,0.233399,24.2756,0.99046,0.647566
56000,13,24.2756,1.62622,0.06699,0.182705,24.6239,3.38759,0.137573,0.197253,25.508,1.03214,0.643839
56000,14,25.508,1.9357,0.075886,0.20078,25.9673,3.58358,0.138003,0.150177,26.7406,0.998415,0.62735
56000,15,26.7406,2.17986,0.081519,0.130721,27.1128,3.82618,0.141121,0.0943485,27.7357,1.11744,0.61741
56000,16,27.7357,2.79177,0.100656,0.21849,28.476,4.22211,0.148269,0.0965814,29.1865,1.12408,0.593467
56000,17,29.1865,3.96397,0.135815,0.108768,29.88,4.90809,0.16426,0.0897702,30.71,1.2568,0.571008
56000,18,30.71,3.09284,0.100711,0.13061,31.2664,5.37618,0.171947,0.115242,32.3302,1.21605,0.561781
56000,19,32.3302,4.75235,0.146994,0.16777,33.4583,6.11598,0.182794,0.134778,34.8123,1.32704,0.561601
56000,20,34.8123,4.0632,0.116717,0.164344,35.7066,7.08249,0.198353,0.125559,37.2642,1.1984,0.570338
56000,21,37.2642,4.6413,0.124551,0.133515,38.1626,7.99578,0.209519,0.130377,39.998,1.19184,0.569232
56000,22,39.998,5.69653,0.14242,0.156291,41.2752,8.32919,0.201796,0.125347,43.1189,1.44197,0.567367
56000,23,43.1189,6.45332,0.149664,0.148847,44.539,9.59914,0.215522,0.183795,47.2538,1.43687,0.573537
56000,24,47.2538,7.76944,0.164419,0.243602,49.7204,11.1709,0.224674,0.217837,53.281,1.40084,0.585899
56000,25,53.281,5.47198,0.1027,0.242351,54.8638,12.5213,0.228226,0.23461,59.0685,1.31718,0.610832
56000,26,59.0685,5.66487,0.0959034,0.182229,60.3577,13.334,0.220916,0.237305,64.8296,1.25884,0.629175
56000,27,64.8296,7.77081,0.119865,0.235259,67.0834,14.1102,0.210338,0.270371,72.1882,1.50893,0.650726
56000,28,72.1882,6.3274,0.0876515,0.259402,74.0831,14.3048,0.193091,0.275217,79.2241,1.37933,0.670738
56000,29,79.2241,6.30938,0.0796397,0.27301,81.1745,14.8699,0.183184,0.265351,86.3188,1.41084,0.688088
56000,30,86.3188,8.53157,0.0988379,0.32778,89.479,16.1001,0.179932,0.338323,96.1283,1.5749,0.711131
56000,31,96.1283,6.96676,0.0724736,0.397219,99.1026,15.7343,0.158767,0.337433,105.456,1.22894,0.732024
56000,32,105.456,7.95735,0.0754564,0.424611,109.074,16.5772,0.151981,0.368646,116.209,1.3577,0.74582
56000,33,116.209,6.03632,0.0519435,0.32607,118.316,16.2548,0.137385,0.373201,125.292,1.35622,0.763521
56000,34,125.292,9.40537,0.0750673,0.369303,129.06,16.0319,0.12422,0.35984,135.656,1.54907,0.784118
56000,35,135.656,10.615,0.0782488,0.518164,141.447,16.6686,0.117843,0.396294,148.839,1.43421,0.809952
56000,36,148.839,6.83139,0.0458977,0.532532,152.587,16.1964,0.106145,0.383395,159.501,1.23577,0.836087
56000,37,159.501,4.86489,0.0305007,0.597001,162.457,14.8042,0.0911269,0.31175,167.661,0.890138,0.85557
56000,38,167.661,6.34003,0.0378146,0.551525,171.241,14.7957,0.0864027,0.287362,176.062,1.16157,0.872328
56000,39,176.062,5.30712,0.0301436,0.479925,178.664,14.7766,0.0827059,0.261075,183.072,0.954239,0.886012
56000,40,183.072,3.82604,0.0208992,0.502482,185.017,14.6042,0.0789346,0.233612,188.958,1.0622,0.898067
56000,41,188.958,3.8077,0.0201511,0.387044,190.456,14.8672,0.078061,0.20796,194.09,1.00489,0.910232
56000,42,194.09,2.38513,0.0122888,0.513267,195.438,14.943,0.0764593,0.182963,198.716,0.917721,0.921609
56000,43,198.716,2.47172,0.0124384,0.46534,199.941,15.1948,0.0759965,0.160137,202.929,0.960889,0.931569
56000,44,202.929,2.50248,0.0123318,0.283915,203.669,15.4208,0.075715,0.14582,206.488,1.0296,0.938477
56000,45,206.488,4.6886,0.0227064,0.244374,207.668,15.9443,0.0767779,0.142521,210.539,1.13666,0.94527
56000,46,210.539,4.36208,0.0207186,0.240561,211.559,16.3396,0.0772343,0.1357,214.386,1.20234,0.95281
56000,47,214.386,4.73783,0.0220995,0.239458,215.581,16.8923,0.0783571,0.140242,218.592,1.05019,0.959011
56000,48,218.592,5.51116,0.0252121,0.21371,219.779,17.8005,0.0809929,0.14143,222.992,1.33056,0.964123
56000,49,222.992,5.41251,0.0242722,0.206494,224.152,19.3819,0.0864675,0.157194,228.006,1.27065,0.975424
56000,50,228.006,5.85997,0.0257009,0.129653,228.841,20.5804,0.0899332,0.144932,232.717,1.1982,0.980421
56000,51,232.717,4.47598,0.0192336,0.143015,233.45,21.8883,0.0937604,0.148654,237.686,1.33563,0.986556
56000,52,237.686,5.85353,0.0246272,0.21392,238.999,23.0425,0.0964127,0.156451,243.666,1.28763,0.989641
56000,53,243.666,6.09317,0.0250062,0.162751,244.765,25.9524,0.10603,0.191478,251.023,1.45592,0.99598
56000,54,251.023,5.52261,0.0220005,0.145416,251.905,27.9298,0.110874,0.175563,258.275,1.33605,1.0036
56000,55,258.275,9.08939,0.0351926,0.197541,260.226,32.4273,0.124612,0.192298,268.354,1.41185,1.00238
56000,56,268.354,10.1784,0.0379289,0.217077,270.741,36.7092,0.135588,0.222807,281.2,1.45121,1.00435
56000,57,281.2,7.78376,0.0276805,0.203019,282.87,41.2101,0.145686,0.245474,295.699,1.36423,1.01367
56000,58,295.699,9.33139,0.031557,0.261279,298.264,47.5408,0.159392,0.300093,315.801,1.41413,1.01685
56000,59,315.801,6.34734,0.0200992,0.196002,317.077,55.6438,0.17549,0.339213,340.007,1.27791,1.01356
56000,60,340.007,5.14046,0.0151187,0.220899,341.167,55.2805,0.162033,0.373397,365.427,1.14962,1.02713
56000,61,365.427,5.45202,0.0149196,0.151167,366.332,67.9672,0.185534,0.35831,395.807,1.12081,1.05746
56000,62,395.807,5.16061,0.0130382,0.137484,396.544,100.34,0.253036,0.35229,441.985,1.02892,1.0944
56000,63,441.985,3.88457,0.00878892,0.155511,442.55,127.591,0.288308,0.474127,515.447,0.977292,1.18271
60000,0,0.0411929,5.24991,127.447,0.00960604,5.25043,3.06839,0.584407,0.840252,8.00317,0.0640123,0.507178
60000,1,8.00317,0.846068,0.105717,0.724912,8.63603,3.9822,0.461115,0.463621,11.0607,0.360363,0.864301
60000,2,11.0607,0.830497,0.0750854,0.576134,11.5607,1.16768,0.101005,0.514965,12.2015,0.584058,0.89018
60000,3,12.2015,0.814007,0.0667136,0.171761,12.3698,1.43712,0.11618,0.452128,13.0811,0.71429,0.867602
60000,4,13.0811,0.905577,0.0692279,0.249057,13.334,1.64385,0.123282,0.406439,14.082,0.739683,0.841049
60000,5,14.082,1.11702,0.079323,0.155013,14.2982,3.22859,0.225805,0.429234,15.9524,0.845998,0.758508
60000,6,15.9524,1.34001,0.0840004,0.0182609,16.0325,1.81399,0.113144,0.28125,16.6321,0.917522,0.696699
60000,7,16.6321,1.44103,0.0866414,0.105822,16.846,2.20167,0.130694,0.349918,17.736,1.09184,0.665349
60000,8,17.736,1.53128,0.086337,0.118946,17.984,2.51895,0.140066,0.334562,18.9764,1.03042,0.666737
60000,9,18.9764,1.41448,0.0745392,0.128322,19.2081,2.86352,0.149079,0.354223,20.3976,0.964756,0.668807
60000,10,20.3976,1.65151,0.0809662,0.132354,20.6818,3.03663,0.146826,0.335603,21.8905,0.980261,0.651655
60000,11,21.8905,1.78897,0.0817234,0.156617,22.2423,3.20879,0.144266,0.282509,23.352,1.04392,0.643921
60000,12,23.352,1.81594,0.0777638,0.185485,23.7545,3.38063,0.142316,0.22346,24.7285,0.987701,0.643178
60000,13,24.7285,1.70829,0.0690818,0.201252,25.1291,3.51583,0.139911,0.186341,26.014,1.03348,0.638419
60000,14,26.014,2.01077,0.0772955,0.189105,26.4676,3.74017,0.141311,0.143753,27.2582,1.00121,0.621261
60000,15,27.2582,2.29745,0.0842849,0.134084,27.6609,3.96536,0.143356,0.0853953,28.2766,1.11958,0.610786
60000,16,28.2766,2.91587,0.103119,0.193852,28.984,4.41141,0.152201,0.0936269,29.7213,1.13249,0.586612
60000,17,29.7213,4.09276,0.137705,0.0984287,30.3996,5.11818,0.168364,0.0905046,31.2798,1.26021,0.564316
60000,18,31.2798,3.17567,0.101525,0.121276,31.8216,5.6451,0.177398,0.11673,32.9605,1.22264,0.554895
60000,19,32.9605,4.91153,0.149013,0.16334,34.1081,6.38106,0.187083,0.130038,35.5042,1.33532,0.553525
60000,20,35.5042,4.23404,0.119255,0.164122,36.4392,7.3889,0.202774,0.120864,38.0445,1.20866,0.562399
60000,21,38.0445,4.86601,0.127903,0.133065,38.993,8.34861,0.214105,0.129263,40.9166,1.20592,0.561279
60000,22,40.9166,5.8697,0.143455,0.158329,42.2452,8.70776,0.206124,0.123002,44.1692,1.45508,0.559363
60000,23,44.1692,6.72045,0.152152,0.148885,45.6551,10.0251,0.219583,0.183666,48.5065,1.45323,0.566269
60000,24,48.5065,8.06705,0.166309,0.248299,51.1098,11.6627,0.22819,0.220015,54.8664,1.41915,0.579633
60000,25,54.8664,5.69515,0.1038,0.24878,56.5532,13.0436,0.230642,0.23614,60.9648,1.33786,0.60549
60000,26,60.9648,5.92684,0.0972174,0.18526,62.3354,13.859,0.22233,0.23608,66.9742,1.2801,0.624559
60000,27,66.9742,8.1782,0.12211,0.240009,69.3926,14.7151,0.212055,0.268336,74.698,1.53519,0.64686
60000,28,74.698,6.61283,0.0885276,0.256932,76.6641,15.0023,0.195689,0.273495,82.0471,1.40234,0.667566
60000,29,82.0471,6.45452,0.0786686,0.268509,84.0108,15.5792,0.185443,0.262894,89.3797,1.43404,0.68546
60000,30,89.3797,8.9027,0.0996054,0.323278,92.6413,16.8795,0.182203,0.33432,99.5635,1.60711,0.709144
60000,31,99.5635,7.26417,0.0729601,0.393012,102.637,16.5359,0.161111,0.333242,109.265,1.25451,0.730147
60000,32,109.265,8.29671,0.0759323,0.420287,113.003,17.5598,0.155393,0.366892,120.558,1.38936,0.743883
60000,33,120.558,6.49499,0.0538745,0.312956,122.743,17.0351,0.138786,0.372926,130.06,1.38762,0.76035
60000,34,130.06,9.60062,0.0738167,0.357645,133.792,16.8203,0.125719,0.355243,140.649,1.59287,0.780374
60000,35,140.649,11.2006,0.0796355,0.514677,146.731,17.5568,0.119653,0.396329,154.532,1.47124,0.807235
60000,36,154.532,7.48388,0.0484293,0.52549,158.593,17.0104,0.107258,0.388469,165.942,1.26543,0.832593
60000,37,165.942,4.96485,0.0299193,0.591443,168.927,15.5871,0.0922713,0.316149,174.479,0.901694,0.851934
60000,38,174.479,6.56183,0.0376082,0.541201,178.128,15.5497,0.0872951,0.290665,183.252,1.1828,0.868748
60000,39,183.252,5.49114,0.0299649,0.469423,185.897,15.5602,0.0837037,0.266946,190.637,0.970455,0.882367
60000,40,190.637,3.94749,0.0207069,0.497017,192.632,15.3144,0.0795004,0.235753,196.804,1.08404,0.894912
60000,41,196.804,4.12192,0.0209442,0.374922,198.329,15.5728,0.0785201,0.208436,202.149,1.0243,0.90707
60000,42,202.149,2.47063,0.0122218,0.507076,203.509,15.7445,0.0773651,0.185589,207.013,0.930498,0.918678
60000,43,207.013,2.54215,0.0122802,0.465561,208.265,15.9485,0.0765776,0.16217,211.44,0.975885,0.928783
60000,44,211.44,2.66227,0.0125911,0.302666,212.204,16.1127,0.0759303,0.148483,215.186,1.04956,0.935004
60000,45,215.186,5.03349,0.0233913,0.238758,216.458,16.6774,0.0770468,0.14107,219.431,1.15897,0.943047
60000,46,219.431,4.62418,0.0210735,0.239085,220.497,17.1331,0.0777025,0.136799,223.491,1.22975,0.950602
60000,47,223.491,4.83866,0.0216504,0.241501,224.73,17.7137,0.078822,0.141116,227.912,1.06582,0.957066
60000,48,227.912,5.91003,0.0259313,0.20815,229.154,18.8226,0.0821398,0.143792,232.607,1.36229,0.962921
60000,49,232.607,5.62241,0.0241712,0.211246,233.805,20.4635,0.0875238,0.159142,237.918,1.2978,0.974741
60000,50,237.918,6.54247,0.0274988,0.134039,238.876,21.9427,0.0918584,0.151245,243.162,1.22715,0.979409
60000,51,243.162,4.71254,0.0193802,0.137253,243.881,23.573,0.0966579,0.153437,248.592,1.37435,0.98664
60000,52,248.592,6.37078,0.0256275,0.221643,250.076,24.5859,0.0983136,0.158827,255.137,1.32369,0.989202
60000,53,255.137,6.62154,0.0259528,0.159077,256.288,28.5657,0.111459,0.182885,263.016,1.49954,0.996367
60000,54,263.016,5.97509,0.0227176,0.133266,263.873,30.4376,0.115349,0.168826,270.68,1.37236,1.0043
60000,55,270.68,9.48657,0.0350472,0.19662,272.701,34.7718,0.127509,0.188269,281.329,1.44721,1.00294
60000,56,281.329,11.0837,0.0393977,0.220198,283.974,39.7222,0.13988,0.213809,295.028,1.49282,1.00571
60000,57,295.028,8.22117,0.0278657,0.199557,296.734,44.3395,0.149425,0.237059,310.25,1.39493,1.01625
60000,58,310.25,9.74313,0.0314042,0.238061,312.68,50.4245,0.161265,0.279398,330.331,1.44824,1.01861
60000,59,330.331,6.12896,0.018554,0.164396,331.371,62.3427,0.188136,0.313735,355.892,1.30101,1.01495
60000,60,355.892,5.50943,0.0154806,0.155724,356.819,62.5168,0.175206,0.344553,382.882,1.16341,1.02983
60000,61,382.882,6.01451,0.0157085,0.0871183,383.481,75.3965,0.196611,0.329979,414.514,1.12782,1.05837
60000,62,414.514,5.42076,0.0130774,0.105853,415.135,129.25,0.311345,0.268146,466.708,1.03165,1.09681
60000,63,466.708,4.07272,0.00872647,0.11398,467.025,161.684,0.3462,0.460922,560.229,0.978017,1.18802
68000,0,0.0425631,5.15889,121.206,0.00926473,5.15943,3.12859,0.606382,0.852487,7.9954,0.0490279,0.483232
68000,1,7.9954,0.825473,0.103244,0.754913,8.63558,4.28237,0.495898,0.408396,11.0971,0.3204,0.84189
68000,2,11.0971,0.755528,0.0680831,0.536239,11.5216,1.26175,0.109511,0.605651,12.327,0.544077,0.878084
68000,3,12.327,0.853326,0.0692244,0.359006,12.6593,1.51046,0.119316,0.514157,13.4968,0.674816,0.862492
68000,4,13.4968,0.913649,0.0676936,0.304455,13.8034,1.68722,0.122232,0.452814,14.6435,0.703616,0.839974
68000,5,14.6435,1.1343,0.0774612,0.201552,14.9132,3.24635,0.217683,0.473135,16.697,0.812272,0.760684
68000,6,16.697,1.32885,0.0795859,0.00230958,16.755,1.87754,0.112058,0.342101,17.4856,0.884535,0.703608
68000,7,17.4856,1.43845,0.0822649,0.0819315,17.6633,2.25472,0.12765,0.369589,18.6164,1.07425,0.672108
68000,8,18.6164,1.56586,0.084112,0.0941724,18.8306,2.60536,0.138358,0.355863,19.9081,1.0111,0.672451
68000,9,19.9081,1.44779,0.0727239,0.130929,20.1499,2.97956,0.147869,0.363398,21.4142,0.948633,0.67189
68000,10,21.4142,1.67419,0.0781813,0.122496,21.6837,3.10886,0.143373,0.343332,22.9387,0.959203,0.653053
68000,11,22.9387,1.82059,0.0793676,0.139025,23.266,3.28008,0.140982,0.290193,24.4201,1.02912,0.643309
68000,12,24.4201,1.84751,0.0756552,0.169361,24.799,3.42889,0.138267,0.226525,25.7922,0.972782,0.640614
68000,13,25.7922,1.70733,0.0661955,0.134003,26.0782,3.60505,0.13824,0.202045,27.0367,1.02739,0.634255
68000,14,27.0367,2.06018,0.0761992,0.188211,27.4986,3.79406,0.137973,0.162824,28.364,0.996249,0.616077
68000,15,28.364,2.31265,0.0815348,0.136466,28.7727,4.02559,0.13991,0.100951,29.4531,1.11355,0.605092
68000,16,29.4531,2.94279,0.0999145,0.176266,30.1128,4.49124,0.149147,0.116859,30.9608,1.13757,0.580099
68000,17,30.9608,4.14649,0.133927,0.0893489,31.6038,5.17926,0.163881,0.107613,32.5694,1.25604,0.558091
68000,18,32.5694,3.25008,0.0997894,0.109299,33.0828,5.68406,0.171813,0.125905,34.2649,1.22714,0.548306
68000,19,34.2649,4.93552,0.14404,0.137871,35.2855,6.49487,0.184066,0.144306,36.7873,1.34149,0.546421
68000,20,36.7873,4.32033,0.117441,0.141242,37.6426,7.61283,0.20224,0.132908,39.3829,1.21868,0.553951
68000,21,39.3829,4.86546,0.123542,0.108702,40.2044,8.66765,0.21559,0.150151,42.3792,1.2232,0.552019
68000,22,42.3792,6.11314,0.144248,0.150396,43.7193,9.06198,0.207276,0.141254,45.8822,1.47265,0.550204
68000,23,45.8822,6.90021,0.15039,0.13853,47.3354,10.4518,0.220803,0.198992,50.4646,1.47548,0.556791
68000,24,50.4646,8.23974,0.163278,0.24205,53.0648,12.1812,0.229554,0.228965,57.0976,1.44474,0.570366
68000,25,57.0976,5.87782,0.102943,0.249519,58.8406,13.5803,0.230799,0.242076,63.5093,1.37156,0.596666
68000,26,63.5093,6.18891,0.0974488,0.198743,65.0233,14.3981,0.22143,0.24695,69.9837,1.31446,0.61755
68000,27,69.9837,8.32512,0.118958,0.237127,72.4104,15.2782,0.210995,0.267509,77.9009,1.57661,0.641031
68000,28,77.9009,6.82876,0.0876595,0.262082,79.9623,15.6485,0.195698,0.275195,85.6007,1.4376,0.662273
68000,29,85.6007,6.72102,0.078516,0.274633,87.6864,16.3101,0.186005,0.261834,93.2951,1.47058,0.68091
68000,30,93.2951,9.16082,0.0981919,0.328672,96.6928,17.5215,0.181208,0.32966,103.796,1.66034,0.703879
68000,31,103.796,7.95382,0.0766293,0.401978,107.239,17.3943,0.162202,0.337596,114.29,1.29523,0.725026
68000,32,114.29,8.8688,0.0775988,0.419751,118.288,18.2808,0.154545,0.369379,126.187,1.44025,0.73818
68000,33,126.187,6.49736,0.0514898,0.326016,128.448,17.8742,0.139155,0.374249,136.15,1.43855,0.754089
68000,34,136.15,9.94285,0.0730287,0.366723,140.102,17.1772,0.122605,0.339819,146.827,1.66522,0.774056
68000,35,146.827,11.6443,0.0793061,0.514519,153.142,17.7207,0.115714,0.371342,160.564,1.53127,0.799249
68000,36,160.564,7.84887,0.0488832,0.535286,164.896,17.2919,0.104865,0.365384,171.975,1.31409,0.825465
68000,37,171.975,5.7865,0.0336473,0.592353,175.465,15.8709,0.0904502,0.296859,180.809,0.919824,0.844777
68000,38,180.809,6.83122,0.0377815,0.537084,184.575,15.8653,0.0859556,0.271889,189.504,1.21712,0.861559
68000,39,189.504,6.11696,0.0322789,0.502432,192.649,15.8351,0.0821968,0.25326,197.253,0.997117,0.875506
68000,40,197.253,4.48479,0.0227363,0.497788,199.533,15.6278,0.078322,0.227443,203.656,1.11939,0.887929
68000,41,203.656,4.07755,0.0200218,0.412715,205.283,15.935,0.0776247,0.199457,209.04,1.05632,0.89997
68000,42,209.04,3.02895,0.0144898,0.531599,210.547,16.0604,0.0762794,0.179103,214.01,0.952064,0.912258
68000,43,214.01,2.99024,0.0139725,0.495742,215.467,16.3509,0.0758859,0.15843,218.649,1.001,0.922623
68000,44,218.649,2.91214,0.0133188,0.323298,219.51,16.5168,0.0752437,0.14576,222.513,1.08397,0.929141
68000,45,222.513,5.30207,0.0238281,0.249882,223.95,17.1092,0.0763975,0.141822,227.005,1.19681,0.936824
68000,46,227.005,4.86463,0.0214296,0.25245,228.254,17.6016,0.0771142,0.133708,231.268,1.27659,0.944455
68000,47,231.268,5.09684,0.0220386,0.269772,232.718,18.2904,0.0785947,0.143098,236.03,1.09262,0.951963
68000,48,236.03,6.26243,0.0265323,0.227696,237.567,19.4232,0.0817588,0.148669,241.221,1.41627,0.95816
68000,49,241.221,6.16801,0.02557,0.237174,242.768,21.2722,0.0876234,0.165283,247.176,1.34506,0.970789
68000,50,247.176,7.07905,0.0286397,0.172061,248.484,22.8311,0.0918817,0.159477,253.128,1.27714,0.976833
68000,51,253.128,5.12781,0.0202578,0.16193,253.992,24.5731,0.0967478,0.164242,259.162,1.44306,0.984248
68000,52,259.162,6.92603,0.0267248,0.235626,260.867,25.8573,0.0991206,0.168209,266.438,1.38695,0.987405
68000,53,266.438,7.19897,0.0270193,0.170857,267.741,30.3923,0.113514,0.183237,274.935,1.5781,0.993667
68000,54,274.935,6.38107,0.0232093,0.149411,275.925,32.86,0.11909,0.171302,283.407,1.43682,1.00193
68000,55,283.407,10.3487,0.0365153,0.199116,285.641,37.7005,0.131985,0.167312,294.307,1.50909,0.998289
68000,56,294.307,11.5869,0.0393703,0.206129,296.9,43.491,0.146484,0.171465,307.365,1.56269,0.99999
68000,57,307.365,9.35425,0.0304337,0.189226,309.247,50.1528,0.162177,0.20468,323.257,1.44934,1.01521
68000,58,323.257,10.9609,0.0339076,0.246254,326.147,57.6272,0.176691,0.226822,343.818,1.51189,1.02236
68000,59,343.818,7.03296,0.0204555,0.197478,345.212,68.9598,0.199761,0.276579,370.258,1.34735,1.01892
68000,60,370.258,5.57969,0.0150697,0.264327,371.773,62.2196,0.167359,0.297654,394.79,1.19024,1.03484
68000,61,394.79,6.8915,0.0174561,0.136811,395.796,76.2459,0.192639,0.332195,427.221,1.14292,1.05882
68000,62,427.221,5.43091,0.0127122,0.149172,428.071,160.283,0.374431,0.205843,487.011,1.03448,1.09692
68000,63,487.011,4.16822,0.00855877,0.144295,487.484,190.389,0.390555,0.465655,600.279,0.979047,1.19373
75126,0,0.0440896,5.26328,119.377,0.00937796,5.26384,3.34824,0.636083,0.83867,8.27542,0.0422547,0.456346
75126,1,8.27542,0.903084,0.109129,0.79401,9.00897,4.26993,0.473964,0.440768,11.5463,0.292211,0.815682
75126,2,11.5463,0.748205,0.0648006,0.514873,11.9497,1.37849,0.115357,0.660384,12.9024,0.515317,0.870433
75126,3,12.9024,0.908003,0.0703749,0.428154,13.3165,1.64642,0.123638,0.577558,14.3311,0.64547,0.857675
75126,4,14.3311,0.934287,0.0651928,0.353843,14.6882,1.80996,0.123226,0.51394,15.6954,0.674632,0.836496
75126,5,15.6954,1.15867,0.073822,0.251603,16.0242,4.52482,0.282373,0.407656,18.3413,0.783899,0.760812
75126,6,18.3413,1.38021,0.0752513,0.0160159,18.4188,1.93542,0.105078,0.37121,19.2222,0.85594,0.704636
75126,7,19.2222,1.49107,0.0775704,0.0983076,19.4265,2.35707,0.121333,0.412334,20.5111,1.05644,0.678122
75126,8,20.5111,1.57762,0.0769154,0.0836995,20.7053,2.72676,0.131694,0.374257,21.873,0.993329,0.678929
75126,9,21.873,1.50727,0.0689103,0.132735,22.1243,3.17714,0.143604,0.383749,23.5307,0.933424,0.676833
75126,10,23.5307,1.71107,0.0727167,0.125412,23.8051,3.29534,0.13843,0.380208,25.2411,0.939935,0.656855
75126,11,25.2411,1.8473,0.0731862,0.158055,25.5989,3.39398,0.132583,0.317145,26.8677,1.01362,0.645668
75126,12,26.8677,1.84897,0.0688177,0.157021,27.2192,3.52901,0.129651,0.245719,28.2923,0.956689,0.642395
75126,13,28.2923,1.72709,0.0610447,0.172041,28.6406,3.69564,0.129035,0.23056,29.7083,1.01733,0.635796
75126,14,29.7083,2.08413,0.0701532,0.189574,30.1715,3.84805,0.127539,0.187422,31.1208,0.984563,0.61702
75126,15,31.1208,2.32615,0.0747458,0.131782,31.5117,4.0737,0.129276,0.131958,32.3017,1.10216,0.604817
75126,16,32.3017,2.97626,0.0921395,0.182639,32.9755,4.50411,0.13659,0.146085,33.9265,1.13045,0.579925
75126,17,33.9265,4.16282,0.122701,0.0998218,34.5912,5.1856,0.149911,0.132563,35.6465,1.24477,0.558446
75126,18,35.6465,3.21017,0.0900557,0.105204,36.1266,5.77095,0.159742,0.164121,37.5084,1.22425,0.548992
75126,19,37.5084,4.95582,0.132125,0.140475,38.5189,6.63467,0.172245,0.171131,40.185,1.33905,0.546643
75126,20,40.185,4.37624,0.108902,0.125605,40.9663,7.81927,0.190871,0.153536,42.8701,1.21818,0.552886
75126,21,42.8701,5.04729,0.117734,0.134917,43.8371,8.86493,0.202224,0.164983,46.1346,1.22854,0.549382
75126,22,46.1346,6.2379,0.135211,0.169402,47.5903,9.24322,0.194225,0.154235,49.857,1.48247,0.545703
75126,23,49.857,7.03057,0.141015,0.143215,51.3379,10.6037,0.206546,0.212213,54.5817,1.48597,0.551395
75126,24,54.5817,8.54197,0.156499,0.249077,57.3106,12.4129,0.216589,0.244796,61.5377,1.45686,0.564772
75126,25,61.5377,6.01045,0.097671,0.264618,63.3934,13.974,0.220434,0.258806,68.356,1.39207,0.591187
75126,26,68.356,6.33337,0.0926528,0.212277,69.9752,14.8089,0.211631,0.26087,75.2089,1.33616,0.611726
75126,27,75.2089,8.62974,0.114744,0.252068,77.834,15.7469,0.202314,0.283523,83.6724,1.60332,0.636211
75126,28,83.6724,6.82717,0.0815941,0.282505,85.8506,16.1098,0.187649,0.281791,91.7017,1.45834,0.656562
75126,29,91.7017,7.01826,0.0765336,0.296393,94.0217,16.6656,0.177253,0.263709,99.7207,1.49262,0.674645
75126,30,99.7207,9.57803,0.0960485,0.345706,103.424,17.9666,0.173717,0.331541,110.683,1.6949,0.698159
75126,31,110.683,8.53921,0.0771504,0.415965,114.496,17.7952,0.155423,0.33078,121.547,1.3163,0.719155
75126,32,121.547,9.16412,0.0753954,0.422514,125.692,18.6561,0.148427,0.366197,133.655,1.46942,0.731361
75126,33,133.655,7.08656,0.0530213,0.338342,136.214,18.3257,0.134536,0.382164,144.214,1.46862,0.74683
75126,34,144.214,10.5004,0.0728111,0.382163,148.541,17.6399,0.118754,0.341413,155.447,1.71188,0.766632
75126,35,155.447,12.7625,0.0821018,0.522286,162.478,18.21,0.112077,0.377436,170.186,1.56721,0.792241
75126,36,170.186,8.5125,0.0500188,0.545495,174.979,17.7616,0.101507,0.364171,182.195,1.34204,0.81879
75126,37,182.195,6.11039,0.0335376,0.600814,185.928,16.2014,0.0871381,0.30047,191.42,0.925122,0.837493
75126,38,191.42,7.27337,0.0379969,0.54802,195.498,16.2908,0.0833297,0.280496,200.677,1.23543,0.85458
75126,39,200.677,6.23797,0.0310846,0.490783,203.816,16.189,0.0794298,0.259967,208.611,1.00921,0.867783
75126,40,208.611,4.5071,0.0216053,0.492821,210.902,15.8215,0.0750182,0.227518,215.055,1.13853,0.880225
75126,41,215.055,4.54069,0.0211141,0.407859,216.922,16.1137,0.0742834,0.201965,220.738,1.07358,0.892006
75126,42,220.738,3.07667,0.0139381,0.544832,222.315,16.2474,0.0730828,0.185039,225.888,0.961637,0.903859
75126,43,225.888,3.00008,0.0132813,0.501192,227.371,16.4886,0.0725185,0.156946,230.54,1.01353,0.914382
75126,44,230.54,3.04152,0.013193,0.336514,231.527,16.6718,0.072008,0.143599,234.501,1.1027,0.920553
75126,45,234.501,5.2885,0.0225521,0.253246,235.989,17.2938,0.0732823,0.140607,239.028,1.22005,0.927881
75126,46,239.028,5.20409,0.0217719,0.247759,240.409,17.7989,0.074036,0.132999,243.409,1.30687,0.935555
75126,47,243.409,5.26655,0.0216366,0.28889,244.999,18.3765,0.0750066,0.140375,248.247,1.1081,0.943266
75126,48,248.247,6.62611,0.0266916,0.245436,250.035,19.6443,0.0785663,0.14375,253.599,1.45493,0.949757
75126,49,253.599,6.36145,0.0250847,0.243264,255.288,21.459,0.0840579,0.167092,259.735,1.37897,0.962979
75126,50,259.735,7.27863,0.0280233,0.168371,261.055,23.0923,0.0884579,0.161068,265.757,1.31072,0.968484
75126,51,265.757,5.58804,0.0210269,0.158238,266.622,25.1171,0.0942049,0.157577,271.712,1.49621,0.976686
75126,52,271.712,7.36224,0.0270958,0.242078,273.595,26.4423,0.0966473,0.160497,279.048,1.4298,0.981378
75126,53,279.048,7.51238,0.0269215,0.178166,280.441,30.3792,0.108327,0.181792,287.522,1.63877,0.987312
75126,54,287.522,6.81201,0.0236922,0.149342,288.559,33.2119,0.115096,0.166732,295.907,1.4878,0.997019
75126,55,295.907,10.7435,0.036307,0.192269,298.157,37.702,0.12645,0.165362,306.651,1.55768,0.995967
75126,56,306.651,12.7801,0.0416763,0.223184,309.797,44.0094,0.142059,0.19818,321.422,1.62236,0.998361
75126,57,321.422,9.99334,0.0310911,0.237612,324.047,49.6644,0.153263,0.2215,338.532,1.49454,1.01103
75126,58,338.532,11.393,0.0336542,0.275112,341.902,58.7747,0.171905,0.230102,360.007,1.55382,1.01522
75126,59,360.007,7.5813,0.0210587,0.237491,361.89,69.3821,0.191721,0.256427,385.559,1.37786,1.00992
75126,60,385.559,6.25152,0.0162142,0.177665,386.691,78.2693,0.202408,0.235072,412.163,1.20932,1.0202
75126,61,412.163,30.2754,0.073455,-0.0687587,411.19,96.6269,0.234993,0.26734,446.828,1.14564,1.07431
75126,62,446.828,7.11048,0.0159132,0.147426,447.936,151.62,0.338485,0.314057,516.04,1.03663,1.10116
75126,63,516.04,4.92083,0.00953576,0.126091,516.655,228.409,0.442092,0.399819,643.014,0.979579,1.19679
