iter,tensor,layer,mean,rms,max,min
63125,linear_qkv,0,0.046506,0.0519346,0.632812,0.00473022
63125,linear_qkv,1,0.33442,0.335379,0.761719,0.045166
63125,linear_qkv,2,0.557186,0.558289,0.683594,0.0291748
63125,linear_qkv,3,0.685645,0.686678,1.02344,0.0361328
63125,linear_qkv,4,0.712944,0.714033,0.960938,0.0405273
63125,linear_qkv,5,0.820293,0.821513,1.09375,0.0639648
63125,linear_qkv,6,0.891661,0.893036,1.15625,0.136719
63125,linear_qkv,7,1.07393,1.07525,1.23438,0.25
63125,linear_qkv,8,1.00996,1.01159,1.33594,0.169922
63125,linear_qkv,9,0.946115,0.947536,1.32031,0.172852
63125,linear_qkv,10,0.958722,0.960021,1.41406,0.208008
63125,linear_qkv,11,1.02483,1.02643,1.39844,0.28125
63125,linear_qkv,12,0.969535,0.970561,1.42969,0.251953
63125,linear_qkv,13,1.01907,1.02031,1.33594,0.265625
63125,linear_qkv,14,0.987538,0.988669,1.21094,0.339844
63125,linear_qkv,15,1.10481,1.10603,1.35938,0.451172
63125,linear_qkv,16,1.12356,1.12449,1.29688,0.5625
63125,linear_qkv,17,1.24451,1.24543,1.51562,0.683594
63125,linear_qkv,18,1.21343,1.21466,1.42969,0.582031
63125,linear_qkv,19,1.32399,1.32499,1.54688,0.660156
63125,linear_qkv,20,1.20077,1.20165,1.45312,0.625
63125,linear_qkv,21,1.20115,1.20191,1.57812,0.6875
63125,linear_qkv,22,1.44786,1.44875,1.63281,0.652344
63125,linear_qkv,23,1.44679,1.44759,1.75,0.710938
63125,linear_qkv,24,1.41409,1.41488,1.75,0.683594
63125,linear_qkv,25,1.33869,1.3397,1.52344,0.498047
63125,linear_qkv,26,1.2819,1.28301,1.60938,0.443359
63125,linear_qkv,27,1.53579,1.53717,1.96875,0.486328
63125,linear_qkv,28,1.40096,1.40276,1.76562,0.359375
63125,linear_qkv,29,1.43388,1.43542,1.79688,0.427734
63125,linear_qkv,30,1.60914,1.61088,1.88281,0.388672
63125,linear_qkv,31,1.25644,1.25785,1.50781,0.241211
63125,linear_qkv,32,1.39137,1.39287,1.64844,0.314453
63125,linear_qkv,33,1.39174,1.39404,1.65625,0.25
63125,linear_qkv,34,1.60008,1.60261,1.875,0.310547
63125,linear_qkv,35,1.47591,1.47778,1.77344,0.269531
63125,linear_qkv,36,1.27032,1.27224,1.45312,0.229492
63125,linear_qkv,37,0.901502,0.902765,1.07812,0.142578
63125,linear_qkv,38,1.18393,1.18503,1.35156,0.269531
63125,linear_qkv,39,0.972908,0.974209,1.13281,0.246094
63125,linear_qkv,40,1.08777,1.08938,1.30469,0.22168
63125,linear_qkv,41,1.02821,1.02984,1.22656,0.219727
63125,linear_qkv,42,0.932088,0.93379,1.125,0.271484
63125,linear_qkv,43,0.978159,0.979847,1.16406,0.298828
63125,linear_qkv,44,1.0542,1.05611,1.26562,0.25
63125,linear_qkv,45,1.16329,1.16509,1.375,0.294922
63125,linear_qkv,46,1.23604,1.23778,1.40625,0.347656
63125,linear_qkv,47,1.06909,1.07069,1.25781,0.433594
63125,linear_qkv,48,1.36925,1.37124,1.57031,0.429688
63125,linear_qkv,49,1.30393,1.30592,1.51562,0.404297
63125,linear_qkv,50,1.23562,1.23739,1.4375,0.431641
63125,linear_qkv,51,1.38577,1.38867,1.58594,0.433594
63125,linear_qkv,52,1.33529,1.33733,1.49219,0.503906
63125,linear_qkv,53,1.51192,1.51544,1.71875,0.339844
63125,linear_qkv,54,1.38198,1.38528,1.61719,0.298828
63125,linear_qkv,55,1.45631,1.45902,1.69531,0.470703
63125,linear_qkv,56,1.50496,1.50828,1.71094,0.382812
63125,linear_qkv,57,1.40318,1.40698,1.64844,0.259766
63125,linear_qkv,58,1.45803,1.46128,1.71875,0.378906
63125,linear_qkv,59,1.30578,1.30917,1.52344,0.249023
63125,linear_qkv,60,1.16596,1.16842,1.38281,0.388672
63125,linear_qkv,61,1.12654,1.12875,1.36719,0.439453
63125,linear_qkv,62,1.02882,1.02963,1.1875,0.671875
63125,linear_qkv,63,0.97675,0.97732,1.14844,0.746094
63125,linear_fc1,0,0.496171,0.499616,0.714844,0.0202637
63125,linear_fc1,1,0.852537,0.855344,0.964844,0.0116577
63125,linear_fc1,2,0.89533,0.896977,1.11719,0.0101929
63125,linear_fc1,3,0.869981,0.87124,0.964844,0.0168457
63125,linear_fc1,4,0.845019,0.846115,1.04688,0.00823975
63125,linear_fc1,5,0.764045,0.764952,1.6875,0.00805664
63125,linear_fc1,6,0.70796,0.708813,1.03125,0.013916
63125,linear_fc1,7,0.675069,0.675971,0.96875,0.0235596
63125,linear_fc1,8,0.675435,0.676322,0.90625,0.0150146
63125,linear_fc1,9,0.676393,0.677262,0.894531,0.0108032
63125,linear_fc1,10,0.658794,0.659637,0.78125,0.0184326
63125,linear_fc1,11,0.650148,0.650925,0.726562,0.0125732
63125,linear_fc1,12,0.648689,0.649429,0.726562,0.015625
63125,linear_fc1,13,0.643382,0.644078,0.714844,0.0158691
63125,linear_fc1,14,0.625904,0.626541,0.707031,0.0178223
63125,linear_fc1,15,0.615419,0.615982,0.6875,0.0253906
63125,linear_fc1,16,0.591708,0.592188,0.660156,0.0247803
63125,linear_fc1,17,0.569588,0.570024,0.636719,0.0490723
63125,linear_fc1,18,0.560288,0.560697,0.644531,0.0361328
63125,linear_fc1,19,0.558364,0.558755,0.65625,0.0407715
63125,linear_fc1,20,0.56613,0.566504,0.71875,0.0461426
63125,linear_fc1,21,0.564286,0.564665,0.703125,0.0400391
63125,linear_fc1,22,0.562196,0.562621,0.621094,0.0195312
63125,linear_fc1,23,0.567129,0.56754,0.621094,0.034668
63125,linear_fc1,24,0.578373,0.578813,0.640625,0.0229492
63125,linear_fc1,25,0.602451,0.602915,0.648438,0.0213623
63125,linear_fc1,26,0.621059,0.621533,0.671875,0.0130005
63125,linear_fc1,27,0.642742,0.64325,0.699219,0.0202637
63125,linear_fc1,28,0.662496,0.663021,0.71875,0.0116577
63125,linear_fc1,29,0.679401,0.679935,0.730469,0.00765991
63125,linear_fc1,30,0.702134,0.702647,0.757812,0.0222168
63125,linear_fc1,31,0.723656,0.724193,0.769531,0.0172119
63125,linear_fc1,32,0.736893,0.737443,0.785156,0.00915527
63125,linear_fc1,33,0.753564,0.754152,0.8125,0.00878906
63125,linear_fc1,34,0.774897,0.775503,0.835938,0.00527954
63125,linear_fc1,35,0.802047,0.802684,0.855469,0.00564575
63125,linear_fc1,36,0.829039,0.829703,0.9375,0.00643921
63125,linear_fc1,37,0.848819,0.849547,0.902344,0.0018692
63125,linear_fc1,38,0.865778,0.866557,0.925781,0.00488281
63125,linear_fc1,39,0.879554,0.880407,0.925781,0.00280762
63125,linear_fc1,40,0.891974,0.892879,0.945312,0.00230408
63125,linear_fc1,41,0.903722,0.904672,0.980469,0.00476074
63125,linear_fc1,42,0.915136,0.916157,0.976562,0.00460815
63125,linear_fc1,43,0.925258,0.926314,0.984375,0.0071106
63125,linear_fc1,44,0.931526,0.932669,1.01562,0.00418091
63125,linear_fc1,45,0.9387,0.939882,1.03125,0.00579834
63125,linear_fc1,46,0.945665,0.946913,1.04688,0.00952148
63125,linear_fc1,47,0.952627,0.953906,1.0625,0.0101929
63125,linear_fc1,48,0.958162,0.959535,1.08594,0.00726318
63125,linear_fc1,49,0.969233,0.970641,1.10156,0.0201416
63125,linear_fc1,50,0.974145,0.975603,1.11719,0.015625
63125,linear_fc1,51,0.980727,0.982236,1.15625,0.0366211
63125,linear_fc1,52,0.983717,0.985214,1.16406,0.0410156
63125,linear_fc1,53,0.989709,0.991123,1.21875,0.0825195
63125,linear_fc1,54,0.997139,0.998555,1.25781,0.118164
63125,linear_fc1,55,0.994987,0.996396,1.28906,0.0917969
63125,linear_fc1,56,0.997318,0.998686,1.38281,0.115723
63125,linear_fc1,57,1.00701,1.00846,1.4375,0.166016
63125,linear_fc1,58,1.00912,1.0106,1.48438,0.203125
63125,linear_fc1,59,1.00297,1.00455,1.54688,0.267578
63125,linear_fc1,60,1.01667,1.0184,1.66406,0.271484
63125,linear_fc1,61,1.04387,1.04549,1.70312,0.324219
63125,linear_fc1,62,1.08578,1.08688,1.58594,0.503906
63125,linear_fc1,63,1.17828,1.17969,1.72656,0.722656
63125,q_layernorm,0,1.19255,1.23968,1.89062,0.238281
63125,q_layernorm,1,1.56561,1.57392,2,1.05469
63125,q_layernorm,2,1.50687,1.51966,1.88281,0.917969
63125,q_layernorm,3,1.6106,1.6259,1.96875,1.07812
63125,q_layernorm,4,1.53381,1.54471,1.92969,1.02344
63125,q_layernorm,5,1.49063,1.50224,1.82031,0.800781
63125,q_layernorm,6,1.77368,1.79287,2.1875,0.921875
63125,q_layernorm,7,1.64098,1.68412,2.125,0.0588379
63125,q_layernorm,8,1.61584,1.6409,1.90625,0.265625
63125,q_layernorm,9,1.59895,1.6278,2.07812,0.0605469
63125,q_layernorm,10,1.64651,1.66124,2.0625,0.703125
63125,q_layernorm,11,1.6698,1.69481,1.99219,0.445312
63125,q_layernorm,12,1.61975,1.63604,2.5,0.597656
63125,q_layernorm,13,1.56025,1.58747,2.0625,0.0240479
63125,q_layernorm,14,1.52281,1.5475,2.10938,0.332031
63125,q_layernorm,15,1.65945,1.67964,2.10938,0.207031
63125,q_layernorm,16,1.50189,1.52105,2.125,0.492188
63125,q_layernorm,17,1.68933,1.70892,2.125,0.882812
63125,q_layernorm,18,1.64059,1.68209,2.09375,0.19043
63125,q_layernorm,19,1.7232,1.75951,2.09375,0.139648
63125,q_layernorm,20,1.59328,1.63207,2.10938,0.0354004
63125,q_layernorm,21,1.58156,1.63373,2.07812,0.0356445
63125,q_layernorm,22,1.66352,1.73583,2.1875,-0.00109863
63125,q_layernorm,23,1.63549,1.66196,2.10938,0.0649414
63125,q_layernorm,24,1.63097,1.65356,1.94531,0.380859
63125,q_layernorm,25,1.55421,1.62898,2.10938,0.0192871
63125,q_layernorm,26,1.36541,1.48238,1.96875,0.0253906
63125,q_layernorm,27,1.56893,1.63331,2.14062,0.0229492
63125,q_layernorm,28,1.33627,1.45248,1.8125,-0.0180664
63125,q_layernorm,29,1.41255,1.51089,1.83594,0.0147095
63125,q_layernorm,30,1.48041,1.52884,1.99219,0.00512695
63125,q_layernorm,31,1.37986,1.45791,1.8125,0.0622559
63125,q_layernorm,32,1.56435,1.60568,1.95312,0.0800781
63125,q_layernorm,33,1.26681,1.4058,1.78125,0.0211182
63125,q_layernorm,34,1.38491,1.49701,1.90625,0.0133667
63125,q_layernorm,35,1.56432,1.61209,1.94531,0.0402832
63125,q_layernorm,36,1.42553,1.50301,1.95312,0.0415039
63125,q_layernorm,37,1.30246,1.34562,1.77344,0.294922
63125,q_layernorm,38,1.65161,1.65739,1.99219,1.125
63125,q_layernorm,39,1.45688,1.48272,1.85938,0.527344
63125,q_layernorm,40,1.32462,1.40179,1.78906,0.134766
63125,q_layernorm,41,1.33343,1.40252,1.76562,0.214844
63125,q_layernorm,42,1.21255,1.27655,1.69531,0.40625
63125,q_layernorm,43,1.29909,1.34643,1.84375,0.458984
63125,q_layernorm,44,1.21788,1.31262,1.78125,0.3125
63125,q_layernorm,45,1.24179,1.35912,1.82031,0.102539
63125,q_layernorm,46,1.33195,1.42721,1.82812,0.0649414
63125,q_layernorm,47,1.22434,1.32267,1.72656,0.115234
63125,q_layernorm,48,1.45572,1.52586,1.82812,0.0698242
63125,q_layernorm,49,1.28899,1.38019,1.77344,0.0137329
63125,q_layernorm,50,1.43827,1.46518,1.75781,0.186523
63125,q_layernorm,51,1.44131,1.49567,1.83594,0.00292969
63125,q_layernorm,52,1.52327,1.54167,1.8125,0.109863
63125,q_layernorm,53,1.39705,1.47334,1.8125,0.0644531
63125,q_layernorm,54,1.29776,1.3968,1.71094,0.0517578
63125,q_layernorm,55,1.52652,1.54215,1.97656,0.597656
63125,q_layernorm,56,1.55173,1.56726,1.85938,0.273438
63125,q_layernorm,57,1.49321,1.52561,1.97656,0.0412598
63125,q_layernorm,58,1.60547,1.61096,1.82812,1.14062
63125,q_layernorm,59,1.52533,1.53296,1.88281,1.01562
63125,q_layernorm,60,1.46182,1.47073,1.75781,0.925781
63125,q_layernorm,61,1.45654,1.46634,1.95312,0.929688
63125,q_layernorm,62,1.36737,1.37314,1.74219,1.07812
63125,q_layernorm,63,1.1871,1.19154,1.45312,0.820312
63125,k_layernorm,0,1.19038,1.24569,2.5,0.207031
63125,k_layernorm,1,1.55405,1.56153,1.91406,0.988281
63125,k_layernorm,2,1.49557,1.51146,2.125,0.875
63125,k_layernorm,3,1.59161,1.61223,2.0625,0.785156
63125,k_layernorm,4,1.51605,1.5321,1.89844,0.847656
63125,k_layernorm,5,1.48438,1.4973,1.85156,1.03125
63125,k_layernorm,6,1.74686,1.76835,2.14062,0.707031
63125,k_layernorm,7,1.60732,1.6563,2.09375,0.0195312
63125,k_layernorm,8,1.59832,1.62731,2.04688,0.105957
63125,k_layernorm,9,1.54987,1.58862,1.99219,0.0664062
63125,k_layernorm,10,1.61401,1.63756,2.21875,0.621094
63125,k_layernorm,11,1.63359,1.66994,2.10938,0.214844
63125,k_layernorm,12,1.59174,1.60601,2.01562,0.894531
63125,k_layernorm,13,1.53203,1.56558,2.3125,0.0500488
63125,k_layernorm,14,1.49137,1.5224,1.91406,0.0878906
63125,k_layernorm,15,1.63224,1.65468,2.17188,0.219727
63125,k_layernorm,16,1.47809,1.50845,2.4375,0.369141
63125,k_layernorm,17,1.66614,1.68616,2.01562,0.632812
63125,k_layernorm,18,1.59839,1.65476,2.10938,0.0296631
63125,k_layernorm,19,1.68635,1.73452,2.14062,0.02771
63125,k_layernorm,20,1.55332,1.60069,2.09375,0.0205078
63125,k_layernorm,21,1.5429,1.60542,2.03125,0.00830078
63125,k_layernorm,22,1.63728,1.71014,2.09375,0.00521851
63125,k_layernorm,23,1.60583,1.6439,1.96094,0.0654297
63125,k_layernorm,24,1.59966,1.63292,2.15625,0.0043335
63125,k_layernorm,25,1.50361,1.59574,2.09375,-0.0319824
63125,k_layernorm,26,1.33187,1.45686,1.89844,0.0219727
63125,k_layernorm,27,1.51094,1.59832,2.125,0.00421143
63125,k_layernorm,28,1.29465,1.42611,1.86719,0.020874
63125,k_layernorm,29,1.35473,1.47439,1.83594,0.0302734
63125,k_layernorm,30,1.43169,1.50229,1.91406,0.00378418
63125,k_layernorm,31,1.3334,1.42796,1.85938,0.0664062
63125,k_layernorm,32,1.49812,1.5636,1.89062,0.0258789
63125,k_layernorm,33,1.22732,1.37738,1.80469,0.0556641
63125,k_layernorm,34,1.33317,1.47226,1.96875,0.0154419
63125,k_layernorm,35,1.47633,1.56168,1.98438,0.0385742
63125,k_layernorm,36,1.36076,1.46695,2,0.100586
63125,k_layernorm,37,1.2821,1.33506,1.89062,0.416016
63125,k_layernorm,38,1.61517,1.62845,2.07812,0.648438
63125,k_layernorm,39,1.41605,1.45965,2.01562,0.253906
63125,k_layernorm,40,1.2859,1.37711,1.85938,0.171875
63125,k_layernorm,41,1.30183,1.38259,1.875,0.230469
63125,k_layernorm,42,1.20102,1.27218,1.875,0.378906
63125,k_layernorm,43,1.24663,1.32675,1.9375,0.300781
63125,k_layernorm,44,1.20245,1.30204,1.88281,0.271484
63125,k_layernorm,45,1.20651,1.33508,1.86719,0.103516
63125,k_layernorm,46,1.28729,1.4072,2,0.0476074
63125,k_layernorm,47,1.20032,1.30165,1.875,0.123535
63125,k_layernorm,48,1.40148,1.49324,1.83594,0.0368652
63125,k_layernorm,49,1.2507,1.35318,1.78906,0.00145721
63125,k_layernorm,50,1.42064,1.4576,1.85156,0.133789
63125,k_layernorm,51,1.36571,1.45197,1.84375,0.0230713
63125,k_layernorm,52,1.47198,1.51601,1.94531,0.052002
63125,k_layernorm,53,1.36295,1.45389,1.80469,0.0405273
63125,k_layernorm,54,1.26746,1.38228,1.86719,0.0131836
63125,k_layernorm,55,1.49239,1.52056,1.98438,0.178711
63125,k_layernorm,56,1.51579,1.54302,1.90625,0.0253906
63125,k_layernorm,57,1.47505,1.51254,1.875,0.0639648
63125,k_layernorm,58,1.57843,1.58579,1.91406,1.13281
63125,k_layernorm,59,1.50848,1.51701,1.82031,1.04688
63125,k_layernorm,60,1.41693,1.44009,1.80469,0.570312
63125,k_layernorm,61,1.43311,1.44391,1.94531,0.777344
63125,k_layernorm,62,1.35211,1.35782,1.67969,1.0625
63125,k_layernorm,63,1.18481,1.18884,1.41406,0.839844
63125,final_layernorm,-1,1.67539,1.69203,6.125,0.386719
64000,linear_qkv,0,0.044071,0.0493599,0.625,0.00491333
64000,linear_qkv,1,0.327849,0.328806,0.757812,0.0432129
64000,linear_qkv,2,0.550399,0.551487,0.671875,0.0279541
64000,linear_qkv,3,0.678688,0.679732,1.02344,0.0341797
64000,linear_qkv,4,0.706532,0.70763,0.960938,0.0385742
64000,linear_qkv,5,0.814172,0.815396,1.09375,0.0605469
64000,linear_qkv,6,0.885572,0.886954,1.15625,0.133789
64000,linear_qkv,7,1.06994,1.07128,1.22656,0.242188
64000,linear_qkv,8,1.00549,1.00713,1.34375,0.166016
64000,linear_qkv,9,0.941723,0.943148,1.32812,0.168945
64000,linear_qkv,10,0.953729,0.955037,1.42188,0.204102
64000,linear_qkv,11,1.02053,1.02214,1.39844,0.277344
64000,linear_qkv,12,0.965327,0.966358,1.42969,0.246094
64000,linear_qkv,13,1.01595,1.0172,1.34375,0.263672
64000,linear_qkv,14,0.984614,0.985752,1.21094,0.335938
64000,linear_qkv,15,1.10145,1.10269,1.35938,0.445312
64000,linear_qkv,16,1.12163,1.12257,1.30469,0.554688
64000,linear_qkv,17,1.24143,1.24235,1.51562,0.679688
64000,linear_qkv,18,1.21159,1.21283,1.42969,0.582031
64000,linear_qkv,19,1.32182,1.32283,1.53906,0.65625
64000,linear_qkv,20,1.19932,1.2002,1.46094,0.625
64000,linear_qkv,21,1.20053,1.2013,1.57812,0.683594
64000,linear_qkv,22,1.44666,1.44755,1.63281,0.648438
64000,linear_qkv,23,1.44601,1.4468,1.75781,0.710938
64000,linear_qkv,24,1.41356,1.41436,1.75781,0.679688
64000,linear_qkv,25,1.33946,1.34047,1.52344,0.494141
64000,linear_qkv,26,1.28298,1.28408,1.61719,0.441406
64000,linear_qkv,27,1.53665,1.53804,1.97656,0.484375
64000,linear_qkv,28,1.40149,1.4033,1.77344,0.353516
64000,linear_qkv,29,1.43457,1.43612,1.80469,0.423828
64000,linear_qkv,30,1.61069,1.61243,1.89062,0.384766
64000,linear_qkv,31,1.25793,1.25934,1.52344,0.237305
64000,linear_qkv,32,1.393,1.39451,1.65625,0.310547
64000,linear_qkv,33,1.39393,1.39624,1.64844,0.245117
64000,linear_qkv,34,1.60343,1.60597,1.875,0.302734
64000,linear_qkv,35,1.47812,1.48,1.76562,0.265625
64000,linear_qkv,36,1.27214,1.27408,1.46094,0.223633
64000,linear_qkv,37,0.90206,0.90333,1.07031,0.138672
64000,linear_qkv,38,1.18507,1.18618,1.35156,0.263672
64000,linear_qkv,39,0.973983,0.975291,1.125,0.239258
64000,linear_qkv,40,1.08938,1.09101,1.30469,0.220703
64000,linear_qkv,41,1.02976,1.0314,1.22656,0.214844
64000,linear_qkv,42,0.93307,0.934797,1.13281,0.269531
64000,linear_qkv,43,0.97939,0.981091,1.16406,0.296875
64000,linear_qkv,44,1.05621,1.05813,1.25781,0.246094
64000,linear_qkv,45,1.1651,1.1669,1.375,0.291016
64000,linear_qkv,46,1.23876,1.24051,1.41406,0.34375
64000,linear_qkv,47,1.07048,1.07209,1.25,0.427734
64000,linear_qkv,48,1.37202,1.37401,1.57031,0.425781
64000,linear_qkv,49,1.30673,1.30874,1.51562,0.400391
64000,linear_qkv,50,1.2386,1.24038,1.4375,0.427734
64000,linear_qkv,51,1.39004,1.39294,1.58594,0.435547
64000,linear_qkv,52,1.33934,1.3414,1.5,0.503906
64000,linear_qkv,53,1.51659,1.52013,1.71875,0.332031
64000,linear_qkv,54,1.38591,1.38924,1.625,0.292969
64000,linear_qkv,55,1.46003,1.46276,1.69531,0.458984
64000,linear_qkv,56,1.50927,1.5126,1.71875,0.373047
64000,linear_qkv,57,1.40668,1.4105,1.64844,0.25
64000,linear_qkv,58,1.4618,1.46507,1.71875,0.373047
64000,linear_qkv,59,1.3081,1.31151,1.53125,0.25
64000,linear_qkv,60,1.16726,1.16973,1.38281,0.390625
64000,linear_qkv,61,1.12684,1.12905,1.36719,0.443359
64000,linear_qkv,62,1.02814,1.02895,1.1875,0.667969
64000,linear_qkv,63,0.976414,0.976988,1.15625,0.746094
64000,linear_fc1,0,0.494248,0.497723,0.722656,0.0187988
64000,linear_fc1,1,0.849961,0.852758,0.972656,0.0111694
64000,linear_fc1,2,0.895853,0.897501,1.125,0.00946045
64000,linear_fc1,3,0.870535,0.87179,0.96875,0.0153809
64000,linear_fc1,4,0.846075,0.847177,1.04688,0.00772095
64000,linear_fc1,5,0.765545,0.766457,1.70312,0.0078125
64000,linear_fc1,6,0.710491,0.711348,1.03125,0.0145264
64000,linear_fc1,7,0.677542,0.67845,0.976562,0.0234375
64000,linear_fc1,8,0.677686,0.678576,0.910156,0.0149536
64000,linear_fc1,9,0.678379,0.679253,0.898438,0.0106812
64000,linear_fc1,10,0.660618,0.661468,0.789062,0.0181885
64000,linear_fc1,11,0.651753,0.652534,0.730469,0.0122681
64000,linear_fc1,12,0.650027,0.650774,0.734375,0.0151367
64000,linear_fc1,13,0.644572,0.645268,0.71875,0.015625
64000,linear_fc1,14,0.627,0.62764,0.699219,0.0175781
64000,linear_fc1,15,0.616577,0.617142,0.691406,0.0247803
64000,linear_fc1,16,0.592755,0.593239,0.660156,0.0244141
64000,linear_fc1,17,0.570625,0.571066,0.636719,0.0476074
64000,linear_fc1,18,0.561551,0.561964,0.640625,0.034668
64000,linear_fc1,19,0.559259,0.559652,0.652344,0.0402832
64000,linear_fc1,20,0.566827,0.567204,0.714844,0.045166
64000,linear_fc1,21,0.564723,0.565104,0.699219,0.0388184
64000,linear_fc1,22,0.562446,0.562877,0.621094,0.019043
64000,linear_fc1,23,0.567131,0.567545,0.625,0.0339355
64000,linear_fc1,24,0.577898,0.57834,0.632812,0.0219727
64000,linear_fc1,25,0.601745,0.60221,0.644531,0.0211182
64000,linear_fc1,26,0.620236,0.620712,0.675781,0.0123901
64000,linear_fc1,27,0.641654,0.642166,0.691406,0.0189209
64000,linear_fc1,28,0.66125,0.661774,0.714844,0.0114136
64000,linear_fc1,29,0.678,0.678534,0.742188,0.00775146
64000,linear_fc1,30,0.700684,0.701199,0.761719,0.0212402
64000,linear_fc1,31,0.722254,0.722793,0.769531,0.0161133
64000,linear_fc1,32,0.735103,0.735651,0.789062,0.00854492
64000,linear_fc1,33,0.751717,0.752307,0.808594,0.00891113
64000,linear_fc1,34,0.773449,0.774058,0.832031,0.00534058
64000,linear_fc1,35,0.800824,0.801463,0.855469,0.00439453
64000,linear_fc1,36,0.828067,0.828736,0.949219,0.00524902
64000,linear_fc1,37,0.847972,0.848703,0.90625,0.00286865
64000,linear_fc1,38,0.864872,0.865652,0.921875,0.00482178
64000,linear_fc1,39,0.878791,0.879647,0.929688,0.00219727
64000,linear_fc1,40,0.890953,0.89186,0.933594,0.00260925
64000,linear_fc1,41,0.902671,0.903625,0.980469,0.00460815
64000,linear_fc1,42,0.914234,0.915255,0.980469,0.00427246
64000,linear_fc1,43,0.924168,0.925228,0.992188,0.0062561
64000,linear_fc1,44,0.930545,0.931687,1.00781,0.00497437
64000,linear_fc1,45,0.93765,0.938835,1.03125,0.00601196
64000,linear_fc1,46,0.944592,0.945838,1.03906,0.00811768
64000,linear_fc1,47,0.951541,0.952822,1.0625,0.00946045
64000,linear_fc1,48,0.956967,0.958341,1.07031,0.00613403
64000,linear_fc1,49,0.968166,0.969572,1.10156,0.020752
64000,linear_fc1,50,0.972977,0.974433,1.10938,0.0136719
64000,linear_fc1,51,0.979494,0.981003,1.14844,0.0356445
64000,linear_fc1,52,0.982694,0.98419,1.16406,0.0388184
64000,linear_fc1,53,0.988519,0.989929,1.21875,0.081543
64000,linear_fc1,54,0.995897,0.997313,1.25,0.116699
64000,linear_fc1,55,0.993369,0.994773,1.29688,0.0917969
64000,linear_fc1,56,0.995476,0.996839,1.375,0.114746
64000,linear_fc1,57,1.00511,1.00654,1.42969,0.164062
64000,linear_fc1,58,1.00722,1.0087,1.48438,0.199219
64000,linear_fc1,59,1.00076,1.00234,1.53125,0.265625
64000,linear_fc1,60,1.01372,1.01545,1.64844,0.269531
64000,linear_fc1,61,1.04031,1.04194,1.69531,0.322266
64000,linear_fc1,62,1.08295,1.08406,1.57812,0.5
64000,linear_fc1,63,1.1761,1.1775,1.72656,0.71875
64000,q_layernorm,0,1.19451,1.24225,1.90625,0.237305
64000,q_layernorm,1,1.56696,1.57543,2.01562,1.04688
64000,q_layernorm,2,1.50726,1.52018,1.88281,0.914062
64000,q_layernorm,3,1.61151,1.62703,1.97656,1.07812
64000,q_layernorm,4,1.53455,1.54552,1.92969,1.01562
64000,q_layernorm,5,1.49097,1.50264,1.82812,0.796875
64000,q_layernorm,6,1.77411,1.79339,2.1875,0.917969
64000,q_layernorm,7,1.64211,1.68522,2.125,0.0583496
64000,q_layernorm,8,1.61636,1.64142,1.90625,0.263672
64000,q_layernorm,9,1.59952,1.6285,2.07812,0.0585938
64000,q_layernorm,10,1.6481,1.663,2.07812,0.691406
64000,q_layernorm,11,1.67163,1.69678,2,0.441406
64000,q_layernorm,12,1.62161,1.63816,2.51562,0.585938
64000,q_layernorm,13,1.56191,1.58927,2.07812,0.0317383
64000,q_layernorm,14,1.52437,1.5492,2.10938,0.326172
64000,q_layernorm,15,1.66103,1.68136,2.10938,0.198242
64000,q_layernorm,16,1.50385,1.52336,2.14062,0.472656
64000,q_layernorm,17,1.69156,1.71125,2.14062,0.878906
64000,q_layernorm,18,1.64213,1.68368,2.09375,0.191406
64000,q_layernorm,19,1.72546,1.76188,2.09375,0.134766
64000,q_layernorm,20,1.59572,1.63458,2.125,0.0332031
64000,q_layernorm,21,1.58321,1.63548,2.09375,0.0361328
64000,q_layernorm,22,1.66579,1.73826,2.1875,0.00125885
64000,q_layernorm,23,1.63714,1.66368,2.10938,0.0654297
64000,q_layernorm,24,1.63231,1.6551,1.95312,0.380859
64000,q_layernorm,25,1.55566,1.63049,2.10938,0.0234375
64000,q_layernorm,26,1.36673,1.48394,1.96875,0.0198975
64000,q_layernorm,27,1.57065,1.63525,2.14062,0.0214844
64000,q_layernorm,28,1.3372,1.45357,1.8125,-0.0319824
64000,q_layernorm,29,1.4131,1.51164,1.84375,0.0116577
64000,q_layernorm,30,1.48127,1.5296,2,0.00732422
64000,q_layernorm,31,1.3822,1.4601,1.8125,0.0639648
64000,q_layernorm,32,1.56566,1.60712,1.96094,0.0712891
64000,q_layernorm,33,1.26794,1.40694,1.78125,0.0273438
64000,q_layernorm,34,1.38606,1.49828,1.91406,0.0132446
64000,q_layernorm,35,1.56629,1.61412,1.95312,0.0400391
64000,q_layernorm,36,1.42852,1.50608,1.95312,0.0289307
64000,q_layernorm,37,1.30466,1.34822,1.76562,0.292969
64000,q_layernorm,38,1.6532,1.65902,1.98438,1.11719
64000,q_layernorm,39,1.4595,1.48557,1.86719,0.511719
64000,q_layernorm,40,1.32638,1.40414,1.79688,0.123535
64000,q_layernorm,41,1.33617,1.40566,1.75781,0.205078
64000,q_layernorm,42,1.21419,1.27896,1.70312,0.400391
64000,q_layernorm,43,1.30223,1.34978,1.84375,0.451172
64000,q_layernorm,44,1.2196,1.31495,1.78906,0.302734
64000,q_layernorm,45,1.24289,1.36077,1.8125,0.112305
64000,q_layernorm,46,1.33349,1.42884,1.82812,0.0617676
64000,q_layernorm,47,1.22557,1.32455,1.72656,0.122559
64000,q_layernorm,48,1.4574,1.52783,1.82812,0.0683594
64000,q_layernorm,49,1.29103,1.38193,1.78125,0.00405884
64000,q_layernorm,50,1.43988,1.46699,1.75781,0.175781
64000,q_layernorm,51,1.44333,1.4977,1.83594,-0.00717163
64000,q_layernorm,52,1.52573,1.54406,1.8125,0.11377
64000,q_layernorm,53,1.39841,1.47466,1.8125,0.0639648
64000,q_layernorm,54,1.29923,1.39858,1.71094,0.0541992
64000,q_layernorm,55,1.52863,1.5444,1.97656,0.59375
64000,q_layernorm,56,1.55373,1.56944,1.85156,0.267578
64000,q_layernorm,57,1.49457,1.52697,1.97656,0.0395508
64000,q_layernorm,58,1.60773,1.61331,1.82812,1.14062
64000,q_layernorm,59,1.52637,1.534,1.89062,1.01562
64000,q_layernorm,60,1.4631,1.47208,1.75781,0.925781
64000,q_layernorm,61,1.45773,1.46755,1.95312,0.925781
64000,q_layernorm,62,1.36768,1.37346,1.74219,1.07812
64000,q_layernorm,63,1.18732,1.19177,1.45312,0.820312
64000,k_layernorm,0,1.19235,1.24835,2.53125,0.203125
64000,k_layernorm,1,1.55545,1.56307,1.91406,0.980469
64000,k_layernorm,2,1.49573,1.51177,2.14062,0.871094
64000,k_layernorm,3,1.59277,1.61359,2.0625,0.78125
64000,k_layernorm,4,1.51688,1.53306,1.89844,0.84375
64000,k_layernorm,5,1.48474,1.49782,1.85938,1.03906
64000,k_layernorm,6,1.74762,1.76918,2.14062,0.703125
64000,k_layernorm,7,1.60868,1.6578,2.10938,0.00854492
64000,k_layernorm,8,1.59876,1.62781,2.04688,0.0942383
64000,k_layernorm,9,1.55069,1.58958,2,0.0673828
64000,k_layernorm,10,1.61502,1.63871,2.20312,0.613281
64000,k_layernorm,11,1.63502,1.6715,2.10938,0.209961
64000,k_layernorm,12,1.59357,1.60803,2.01562,0.890625
64000,k_layernorm,13,1.53368,1.5676,2.32812,0.0478516
64000,k_layernorm,14,1.49281,1.52402,1.91406,0.081543
64000,k_layernorm,15,1.634,1.65658,2.17188,0.214844
64000,k_layernorm,16,1.48019,1.51096,2.45312,0.363281
64000,k_layernorm,17,1.66907,1.68919,2.01562,0.628906
64000,k_layernorm,18,1.59944,1.65593,2.125,0.0267334
64000,k_layernorm,19,1.68833,1.73668,2.14062,0.0245361
64000,k_layernorm,20,1.55544,1.603,2.09375,0.0157471
64000,k_layernorm,21,1.54488,1.60758,2.04688,0.00436401
64000,k_layernorm,22,1.63887,1.71176,2.09375,0.00671387
64000,k_layernorm,23,1.60724,1.64549,1.96094,0.0649414
64000,k_layernorm,24,1.60105,1.63448,2.15625,0.00701904
64000,k_layernorm,25,1.50457,1.59696,2.09375,-0.0373535
64000,k_layernorm,26,1.33237,1.45786,1.89844,0.0126953
64000,k_layernorm,27,1.5126,1.60043,2.125,-0.00387573
64000,k_layernorm,28,1.29486,1.42649,1.875,0.0175781
64000,k_layernorm,29,1.35431,1.47432,1.83594,0.0361328
64000,k_layernorm,30,1.43247,1.50333,1.91406,-0.000583649
64000,k_layernorm,31,1.33508,1.42976,1.85938,0.0612793
64000,k_layernorm,32,1.49845,1.56434,1.89062,0.0322266
64000,k_layernorm,33,1.22831,1.37882,1.79688,0.0454102
64000,k_layernorm,34,1.33417,1.47368,1.96875,0.0201416
64000,k_layernorm,35,1.47821,1.56365,1.98438,0.0257568
64000,k_layernorm,36,1.36149,1.46809,2,0.0927734
64000,k_layernorm,37,1.28371,1.33746,1.89062,0.402344
64000,k_layernorm,38,1.61682,1.63016,2.07812,0.644531
64000,k_layernorm,39,1.41797,1.4621,2.03125,0.234375
64000,k_layernorm,40,1.28741,1.37912,1.86719,0.168945
64000,k_layernorm,41,1.30352,1.38495,1.89062,0.219727
64000,k_layernorm,42,1.20181,1.27389,1.88281,0.373047
64000,k_layernorm,43,1.24783,1.32852,1.94531,0.304688
64000,k_layernorm,44,1.20444,1.30462,1.89062,0.267578
64000,k_layernorm,45,1.20761,1.33681,1.86719,0.0957031
64000,k_layernorm,46,1.28915,1.40935,2,0.0449219
64000,k_layernorm,47,1.20125,1.30313,1.875,0.121582
64000,k_layernorm,48,1.402,1.49401,1.84375,0.0300293
64000,k_layernorm,49,1.25271,1.35494,1.79688,-0.00662231
64000,k_layernorm,50,1.42217,1.45938,1.85156,0.129883
64000,k_layernorm,51,1.36763,1.45391,1.84375,0.0283203
64000,k_layernorm,52,1.47369,1.51785,1.95312,0.0515137
64000,k_layernorm,53,1.36434,1.45559,1.79688,0.0371094
64000,k_layernorm,54,1.26896,1.38424,1.875,0.0133057
64000,k_layernorm,55,1.49462,1.52301,1.97656,0.172852
64000,k_layernorm,56,1.51765,1.54494,1.91406,0.0268555
64000,k_layernorm,57,1.4763,1.51402,1.88281,0.0571289
64000,k_layernorm,58,1.58014,1.58755,1.91406,1.125
64000,k_layernorm,59,1.50903,1.51754,1.82031,1.05469
64000,k_layernorm,60,1.41855,1.44199,1.82031,0.570312
64000,k_layernorm,61,1.43399,1.44487,1.94531,0.769531
64000,k_layernorm,62,1.35272,1.35847,1.67969,1.0625
64000,k_layernorm,63,1.18518,1.18923,1.41406,0.835938
64000,final_layernorm,-1,1.67775,1.69457,6.15625,0.373047
68000,linear_qkv,0,0.0372244,0.041996,0.597656,0.00358582
68000,linear_qkv,1,0.302898,0.303873,0.738281,0.0373535
68000,linear_qkv,2,0.523188,0.524262,0.628906,0.0236816
68000,linear_qkv,3,0.650519,0.651565,1.01562,0.0270996
68000,linear_qkv,4,0.680267,0.681372,0.960938,0.03125
68000,linear_qkv,5,0.788741,0.789988,1.10156,0.0505371
68000,linear_qkv,6,0.860599,0.862013,1.15625,0.114258
68000,linear_qkv,7,1.05295,1.05433,1.21875,0.213867
68000,linear_qkv,8,0.98698,0.98867,1.34375,0.146484
68000,linear_qkv,9,0.924651,0.926111,1.32812,0.15332
68000,linear_qkv,10,0.933806,0.935158,1.42188,0.18457
68000,linear_qkv,11,1.00306,1.00472,1.40625,0.257812
68000,linear_qkv,12,0.948539,0.949606,1.4375,0.225586
68000,linear_qkv,13,1.00317,1.00445,1.35156,0.251953
68000,linear_qkv,14,0.972367,0.973547,1.22656,0.310547
68000,linear_qkv,15,1.08794,1.08922,1.375,0.419922
68000,linear_qkv,16,1.11356,1.11454,1.32031,0.527344
68000,linear_qkv,17,1.22853,1.22948,1.50781,0.648438
68000,linear_qkv,18,1.20345,1.20473,1.42969,0.570312
68000,linear_qkv,19,1.31321,1.31426,1.53906,0.636719
68000,linear_qkv,20,1.19384,1.19475,1.47656,0.605469
68000,linear_qkv,21,1.19812,1.19891,1.60156,0.664062
68000,linear_qkv,22,1.4422,1.44313,1.64844,0.636719
68000,linear_qkv,23,1.44325,1.44407,1.78125,0.695312
68000,linear_qkv,24,1.41193,1.41276,1.78906,0.667969
68000,linear_qkv,25,1.34368,1.34471,1.54688,0.480469
68000,linear_qkv,26,1.28772,1.28883,1.64062,0.435547
68000,linear_qkv,27,1.54035,1.54177,2.01562,0.46875
68000,linear_qkv,28,1.40347,1.4053,1.8125,0.341797
68000,linear_qkv,29,1.43748,1.43905,1.85156,0.408203
68000,linear_qkv,30,1.61751,1.61929,1.9375,0.365234
68000,linear_qkv,31,1.26335,1.26478,1.57031,0.216797
68000,linear_qkv,32,1.39972,1.40128,1.71094,0.291016
68000,linear_qkv,33,1.40208,1.40443,1.66406,0.229492
68000,linear_qkv,34,1.61798,1.62059,1.89062,0.277344
68000,linear_qkv,35,1.48818,1.49013,1.78125,0.248047
68000,linear_qkv,36,1.28068,1.28267,1.46875,0.205078
68000,linear_qkv,37,0.90252,0.903828,1.0625,0.124023
68000,linear_qkv,38,1.18872,1.18986,1.36719,0.244141
68000,linear_qkv,39,0.977716,0.979065,1.14062,0.226562
68000,linear_qkv,40,1.09556,1.09724,1.32031,0.206055
68000,linear_qkv,41,1.03573,1.03743,1.24219,0.200195
68000,linear_qkv,42,0.93577,0.937562,1.13281,0.263672
68000,linear_qkv,43,0.983152,0.984927,1.17188,0.285156
68000,linear_qkv,44,1.063,1.06501,1.26562,0.234375
68000,linear_qkv,45,1.17246,1.17434,1.36719,0.277344
68000,linear_qkv,46,1.24906,1.25086,1.41406,0.324219
68000,linear_qkv,47,1.0753,1.07696,1.26562,0.417969
68000,linear_qkv,48,1.38405,1.38608,1.60156,0.410156
68000,linear_qkv,49,1.3175,1.31956,1.50781,0.380859
68000,linear_qkv,50,1.2509,1.25275,1.46875,0.421875
68000,linear_qkv,51,1.40801,1.411,1.61719,0.417969
68000,linear_qkv,52,1.35643,1.35855,1.52344,0.482422
68000,linear_qkv,53,1.53755,1.5412,1.75781,0.314453
68000,linear_qkv,54,1.40261,1.40607,1.64062,0.269531
68000,linear_qkv,55,1.47594,1.47876,1.71094,0.421875
68000,linear_qkv,56,1.52813,1.53156,1.73438,0.332031
68000,linear_qkv,57,1.422,1.42591,1.67188,0.21875
68000,linear_qkv,58,1.47957,1.48294,1.75781,0.339844
68000,linear_qkv,59,1.31981,1.32332,1.54688,0.223633
68000,linear_qkv,60,1.17407,1.1766,1.39844,0.378906
68000,linear_qkv,61,1.12917,1.13143,1.38281,0.429688
68000,linear_qkv,62,1.02459,1.02543,1.19531,0.65625
68000,linear_qkv,63,0.975092,0.975696,1.16406,0.734375
68000,linear_fc1,0,0.48444,0.488047,0.746094,0.0153198
68000,linear_fc1,1,0.837586,0.840347,0.960938,0.00946045
68000,linear_fc1,2,0.89586,0.897525,1.14062,0.00811768
68000,linear_fc1,3,0.872274,0.873541,0.976562,0.010498
68000,linear_fc1,4,0.849671,0.850779,1.0625,0.00527954
68000,linear_fc1,5,0.771361,0.772307,1.78125,0.00640869
68000,linear_fc1,6,0.719343,0.720229,1.04688,0.0123901
68000,linear_fc1,7,0.686794,0.687731,0.992188,0.0214844
68000,linear_fc1,8,0.686749,0.68767,0.929688,0.0134277
68000,linear_fc1,9,0.686215,0.687124,0.933594,0.00915527
68000,linear_fc1,10,0.667587,0.668467,0.820312,0.0163574
68000,linear_fc1,11,0.657974,0.658789,0.742188,0.0107422
68000,linear_fc1,12,0.655453,0.656222,0.742188,0.0130615
68000,linear_fc1,13,0.649528,0.650256,0.730469,0.0129395
68000,linear_fc1,14,0.631508,0.632169,0.707031,0.0155029
68000,linear_fc1,15,0.621086,0.621671,0.695312,0.0217285
68000,linear_fc1,16,0.596998,0.597496,0.664062,0.0213623
68000,linear_fc1,17,0.574845,0.5753,0.644531,0.0419922
68000,linear_fc1,18,0.565595,0.566018,0.644531,0.0307617
68000,linear_fc1,19,0.562883,0.563291,0.660156,0.0375977
68000,linear_fc1,20,0.569517,0.569906,0.730469,0.0397949
68000,linear_fc1,21,0.566514,0.56691,0.714844,0.0327148
68000,linear_fc1,22,0.563229,0.563673,0.621094,0.0150146
68000,linear_fc1,23,0.566815,0.567243,0.625,0.0294189
68000,linear_fc1,24,0.575949,0.576405,0.632812,0.0187988
68000,linear_fc1,25,0.598685,0.599164,0.644531,0.0170898
68000,linear_fc1,26,0.616991,0.617479,0.675781,0.0100708
68000,linear_fc1,27,0.637994,0.638515,0.695312,0.0155029
68000,linear_fc1,28,0.656744,0.657281,0.703125,0.00891113
68000,linear_fc1,29,0.67297,0.673516,0.730469,0.00628662
68000,linear_fc1,30,0.694911,0.695436,0.753906,0.0189209
68000,linear_fc1,31,0.716434,0.716982,0.769531,0.0141602
68000,linear_fc1,32,0.728582,0.729137,0.789062,0.00793457
68000,linear_fc1,33,0.744695,0.745294,0.796875,0.00830078
68000,linear_fc1,34,0.767107,0.767725,0.828125,0.00476074
68000,linear_fc1,35,0.795073,0.795719,0.847656,0.00439453
68000,linear_fc1,36,0.823303,0.823986,0.96875,0.0050354
68000,linear_fc1,37,0.843687,0.844433,0.898438,0.00238037
68000,linear_fc1,38,0.860542,0.861338,0.917969,0.00367737
68000,linear_fc1,39,0.87454,0.875411,0.921875,0.00128174
68000,linear_fc1,40,0.886512,0.887431,0.9375,0.00221252
68000,linear_fc1,41,0.898134,0.899104,0.976562,0.00482178
68000,linear_fc1,42,0.90926,0.910298,0.96875,0.00485229
68000,linear_fc1,43,0.919282,0.920348,0.980469,0.00595093
68000,linear_fc1,44,0.925216,0.926371,1.00781,0.00473022
68000,linear_fc1,45,0.932125,0.933316,1.02344,0.00482178
68000,linear_fc1,46,0.938832,0.940088,1.03125,0.00738525
68000,linear_fc1,47,0.945815,0.947101,1.05469,0.00866699
68000,linear_fc1,48,0.951537,0.95291,1.07812,0.00674438
68000,linear_fc1,49,0.962457,0.963867,1.07812,0.0186768
68000,linear_fc1,50,0.967317,0.968773,1.09375,0.0113525
68000,linear_fc1,51,0.973746,0.975254,1.14844,0.0327148
68000,linear_fc1,52,0.976827,0.978319,1.15625,0.0358887
68000,linear_fc1,53,0.982557,0.983967,1.21094,0.0756836
68000,linear_fc1,54,0.989002,0.990412,1.24219,0.109375
68000,linear_fc1,55,0.98545,0.986854,1.28125,0.0864258
68000,linear_fc1,56,0.986518,0.987869,1.36719,0.105469
68000,linear_fc1,57,0.99687,0.998304,1.39844,0.152344
68000,linear_fc1,58,1.0002,1.0017,1.42188,0.188477
68000,linear_fc1,59,0.993204,0.994799,1.46875,0.251953
68000,linear_fc1,60,1.00344,1.00521,1.58594,0.244141
68000,linear_fc1,61,1.0262,1.02787,1.64062,0.289062
68000,linear_fc1,62,1.06919,1.07035,1.54688,0.458984
68000,linear_fc1,63,1.16677,1.16816,1.75781,0.695312
68000,q_layernorm,0,1.20686,1.25636,1.94531,0.232422
68000,q_layernorm,1,1.57562,1.58452,2.03125,1.03906
68000,q_layernorm,2,1.51172,1.52522,1.89844,0.898438
68000,q_layernorm,3,1.61499,1.63096,1.98438,1.07031
68000,q_layernorm,4,1.53894,1.55026,1.95312,1.01562
68000,q_layernorm,5,1.49423,1.50651,1.84375,0.769531
68000,q_layernorm,6,1.78107,1.80063,2.20312,0.914062
68000,q_layernorm,7,1.64664,1.69013,2.14062,0.0664062
68000,q_layernorm,8,1.62126,1.64652,1.92188,0.265625
68000,q_layernorm,9,1.60579,1.63536,2.10938,0.0600586
68000,q_layernorm,10,1.65359,1.669,2.09375,0.652344
68000,q_layernorm,11,1.6788,1.70438,2.01562,0.425781
68000,q_layernorm,12,1.63049,1.64773,2.57812,0.558594
68000,q_layernorm,13,1.56909,1.59714,2.14062,0.0314941
68000,q_layernorm,14,1.53329,1.55889,2.14062,0.304688
68000,q_layernorm,15,1.67048,1.69154,2.14062,0.172852
68000,q_layernorm,16,1.51456,1.53535,2.1875,0.417969
68000,q_layernorm,17,1.70145,1.72171,2.15625,0.851562
68000,q_layernorm,18,1.64857,1.69033,2.10938,0.19043
68000,q_layernorm,19,1.73396,1.77062,2.10938,0.132812
68000,q_layernorm,20,1.60491,1.64418,2.17188,0.034668
68000,q_layernorm,21,1.59151,1.64382,2.10938,0.0463867
68000,q_layernorm,22,1.67428,1.74706,2.21875,0.00363159
68000,q_layernorm,23,1.64536,1.67223,2.14062,0.0629883
68000,q_layernorm,24,1.64021,1.66346,1.99219,0.373047
68000,q_layernorm,25,1.56276,1.63771,2.125,0.0234375
68000,q_layernorm,26,1.3728,1.49026,1.99219,0.0223389
68000,q_layernorm,27,1.57941,1.64426,2.17188,0.0239258
68000,q_layernorm,28,1.34422,1.46011,1.82812,-0.0178223
68000,q_layernorm,29,1.41718,1.5158,1.84375,0.0090332
68000,q_layernorm,30,1.48909,1.53749,2.01562,0.00576782
68000,q_layernorm,31,1.39056,1.46836,1.82812,0.0649414
68000,q_layernorm,32,1.575,1.61666,1.98438,0.0664062
68000,q_layernorm,33,1.27411,1.41391,1.78906,0.0332031
68000,q_layernorm,34,1.39588,1.50871,1.92188,0.0142822
68000,q_layernorm,35,1.57688,1.62499,1.96094,0.0314941
68000,q_layernorm,36,1.44013,1.51803,1.97656,0.0317383
68000,q_layernorm,37,1.3158,1.35989,1.76562,0.25
68000,q_layernorm,38,1.66315,1.66929,2,1.09375
68000,q_layernorm,39,1.47034,1.49705,1.86719,0.476562
68000,q_layernorm,40,1.33793,1.41663,1.8125,0.124023
68000,q_layernorm,41,1.34706,1.41801,1.76562,0.179688
68000,q_layernorm,42,1.22456,1.29023,1.71094,0.375
68000,q_layernorm,43,1.31512,1.36306,1.85156,0.435547
68000,q_layernorm,44,1.22832,1.32627,1.80469,0.28125
68000,q_layernorm,45,1.25001,1.36884,1.82031,0.0864258
68000,q_layernorm,46,1.34455,1.44029,1.84375,0.0664062
68000,q_layernorm,47,1.23252,1.33266,1.73438,0.104492
68000,q_layernorm,48,1.46644,1.53721,1.84375,0.0544434
68000,q_layernorm,49,1.30079,1.39198,1.78125,-0.00308228
68000,q_layernorm,50,1.45026,1.4775,1.76562,0.15918
68000,q_layernorm,51,1.45278,1.50747,1.84375,-0.0128174
68000,q_layernorm,52,1.53746,1.55574,1.8125,0.103516
68000,q_layernorm,53,1.40952,1.48599,1.83594,0.0634766
68000,q_layernorm,54,1.30548,1.406,1.72656,0.0532227
68000,q_layernorm,55,1.53699,1.55374,1.99219,0.546875
68000,q_layernorm,56,1.56354,1.57989,1.85938,0.230469
68000,q_layernorm,57,1.50476,1.53755,2,0.0351562
68000,q_layernorm,58,1.61987,1.62558,1.85156,1.15625
68000,q_layernorm,59,1.53503,1.54292,1.91406,1.01562
68000,q_layernorm,60,1.47162,1.48062,1.75781,0.914062
68000,q_layernorm,61,1.46286,1.47285,1.96875,0.925781
68000,q_layernorm,62,1.37103,1.37694,1.75,1.07812
68000,q_layernorm,63,1.19119,1.19592,1.46875,0.804688
68000,k_layernorm,0,1.20616,1.26442,2.625,0.199219
68000,k_layernorm,1,1.56476,1.57291,1.9375,0.96875
68000,k_layernorm,2,1.50006,1.51701,2.1875,0.847656
68000,k_layernorm,3,1.59665,1.61835,2.07812,0.773438
68000,k_layernorm,4,1.52115,1.53793,1.91406,0.828125
68000,k_layernorm,5,1.4884,1.502,1.85938,1.03125
68000,k_layernorm,6,1.75412,1.77628,2.17188,0.703125
68000,k_layernorm,7,1.61285,1.66242,2.10938,0.00799561
68000,k_layernorm,8,1.6032,1.63258,2.07812,0.0996094
68000,k_layernorm,9,1.55595,1.59572,2.04688,0.0571289
68000,k_layernorm,10,1.62042,1.64498,2.23438,0.582031
68000,k_layernorm,11,1.64225,1.6795,2.14062,0.200195
68000,k_layernorm,12,1.60162,1.61666,2.03125,0.878906
68000,k_layernorm,13,1.54019,1.57516,2.39062,0.0397949
68000,k_layernorm,14,1.50158,1.53364,1.92969,0.0698242
68000,k_layernorm,15,1.64372,1.66723,2.21875,0.177734
68000,k_layernorm,16,1.48972,1.52219,2.53125,0.339844
68000,k_layernorm,17,1.67783,1.69856,2.03125,0.617188
68000,k_layernorm,18,1.60604,1.66301,2.14062,0.0292969
68000,k_layernorm,19,1.69729,1.74608,2.15625,0.02771
68000,k_layernorm,20,1.56363,1.61166,2.125,0.0142212
68000,k_layernorm,21,1.55322,1.61617,2.04688,0.0101929
68000,k_layernorm,22,1.64723,1.7206,2.10938,-0.00585938
68000,k_layernorm,23,1.6153,1.65434,1.99219,0.0595703
68000,k_layernorm,24,1.60929,1.64361,2.20312,0.00634766
68000,k_layernorm,25,1.51084,1.60403,2.10938,-0.0441895
68000,k_layernorm,26,1.33843,1.4645,1.92188,0.00146484
68000,k_layernorm,27,1.52016,1.60876,2.15625,0.000686646
68000,k_layernorm,28,1.30091,1.43288,1.88281,0.017334
68000,k_layernorm,29,1.35764,1.47835,1.83594,0.0341797
68000,k_layernorm,30,1.43846,1.50986,1.9375,0.000347137
68000,k_layernorm,31,1.34132,1.43677,1.875,0.057373
68000,k_layernorm,32,1.50636,1.57281,1.91406,0.0300293
68000,k_layernorm,33,1.2333,1.38469,1.80469,0.0500488
68000,k_layernorm,34,1.3427,1.48327,2,0.0206299
68000,k_layernorm,35,1.48604,1.57301,2,0.0358887
68000,k_layernorm,36,1.37108,1.47899,2.01562,0.0742188
68000,k_layernorm,37,1.29124,1.34666,1.90625,0.351562
68000,k_layernorm,38,1.62576,1.63942,2.07812,0.632812
68000,k_layernorm,39,1.42741,1.47272,2.04688,0.18457
68000,k_layernorm,40,1.29571,1.38987,1.88281,0.160156
68000,k_layernorm,41,1.31198,1.3966,1.89844,0.19043
68000,k_layernorm,42,1.21083,1.2846,1.89844,0.347656
68000,k_layernorm,43,1.25616,1.33988,1.96094,0.289062
68000,k_layernorm,44,1.21201,1.3145,1.90625,0.246094
68000,k_layernorm,45,1.21278,1.34385,1.89062,0.0874023
68000,k_layernorm,46,1.29649,1.41824,2.01562,0.0532227
68000,k_layernorm,47,1.20743,1.31081,1.875,0.116211
68000,k_layernorm,48,1.41049,1.50362,1.85938,0.0274658
68000,k_layernorm,49,1.26065,1.36414,1.8125,-0.0123901
68000,k_layernorm,50,1.43172,1.46964,1.86719,0.121094
68000,k_layernorm,51,1.3754,1.46276,1.85156,0.0157471
68000,k_layernorm,52,1.48358,1.52891,1.96094,0.0234375
68000,k_layernorm,53,1.37281,1.46556,1.82031,0.0314941
68000,k_layernorm,54,1.27322,1.39057,1.89062,0.0112305
68000,k_layernorm,55,1.50278,1.53207,1.99219,0.15625
68000,k_layernorm,56,1.52618,1.55412,1.92969,0.0264893
68000,k_layernorm,57,1.48591,1.52431,1.90625,0.0576172
68000,k_layernorm,58,1.59174,1.59944,1.92969,1.10156
68000,k_layernorm,59,1.51709,1.52599,1.84375,1.04688
68000,k_layernorm,60,1.42578,1.45006,1.83594,0.554688
68000,k_layernorm,61,1.44019,1.45132,1.94531,0.761719
68000,k_layernorm,62,1.35614,1.36193,1.67969,1.05469
68000,k_layernorm,63,1.18875,1.19303,1.42969,0.824219
68000,final_layernorm,-1,1.68308,1.70057,6.21875,0.271484
