checkpoint,task,n_shot,harness,backend,is_group,metric,filter,value,stderr,n_samples,results_file,result_time,n_files
v2anneal_120k,AIME24,0,Evalchemy,vllm,,accuracy_avg,,0.12999999999999998,0.0031622776601683785,30,/e/scratch/e-sta-openeurollm/poeppel1/flag-evals/runs/v2anneal_120k/vllm/2026-10-04-18-07-37/results/478411886c/__e__scratch__e-sta-openeurollm__poeppel1__flag-evals__views__identity__v2anneal_120k/results_2026-10-05T03-10-14.135810.json,1791169810.03412,1
v2anneal_120k,AIME24,0,Evalchemy,vllm,,solved_avg,,3.9,,30,/e/scratch/e-sta-openeurollm/poeppel1/flag-evals/runs/v2anneal_120k/vllm/2026-10-04-18-07-37/results/478411886c/__e__scratch__e-sta-openeurollm__poeppel1__flag-evals__views__identity__v2anneal_120k/results_2026-10-05T03-10-14.135810.json,1791169810.03412,1
v2anneal_120k,AIME25,0,Evalchemy,vllm,,accuracy_avg,,0.2533333333333333,0.005163977794943221,30,/e/scratch/e-sta-openeurollm/poeppel1/flag-evals/runs/v2anneal_120k/vllm/2026-10-04-18-07-37/results/4e873336be/__e__scratch__e-sta-openeurollm__poeppel1__flag-evals__views__identity__v2anneal_120k/results_2026-10-05T03-13-00.369451.json,1791169976.1149347,1
v2anneal_120k,AIME25,0,Evalchemy,vllm,,solved_avg,,7.6,,30,/e/scratch/e-sta-openeurollm/poeppel1/flag-evals/runs/v2anneal_120k/vllm/2026-10-04-18-07-37/results/4e873336be/__e__scratch__e-sta-openeurollm__poeppel1__flag-evals__views__identity__v2anneal_120k/results_2026-10-05T03-13-00.369451.json,1791169976.1149347,1
v2anneal_120k,AMC23,0,Evalchemy,vllm,,accuracy_avg,,0.3925,0.006174544517614234,40,/e/scratch/e-sta-openeurollm/poeppel1/flag-evals/runs/v2anneal_120k/vllm/2026-10-04-18-07-37/results/2d01196004/__e__scratch__e-sta-openeurollm__poeppel1__flag-evals__views__identity__v2anneal_120k/results_2026-10-04T20-12-59.192597.json,1791144775.5521882,1
v2anneal_120k,AMC23,0,Evalchemy,vllm,,solved_avg,,15.7,,40,/e/scratch/e-sta-openeurollm/poeppel1/flag-evals/runs/v2anneal_120k/vllm/2026-10-04-18-07-37/results/2d01196004/__e__scratch__e-sta-openeurollm__poeppel1__flag-evals__views__identity__v2anneal_120k/results_2026-10-04T20-12-59.192597.json,1791144775.5521882,1
v2anneal_120k,GPQADiamond,0,Evalchemy,vllm,,accuracy_avg,,0.34511784511784516,0.01311259421498084,198,/e/scratch/e-sta-openeurollm/poeppel1/flag-evals/runs/v2anneal_120k/vllm/2026-10-04-18-07-37/results/437bd2a272/__e__scratch__e-sta-openeurollm__poeppel1__flag-evals__views__identity__v2anneal_120k/results_2026-10-05T02-57-29.525193.json,1791169045.844969,1
v2anneal_120k,GPQADiamond,0,Evalchemy,vllm,,solved_avg,,68.33333333333333,,198,/e/scratch/e-sta-openeurollm/poeppel1/flag-evals/runs/v2anneal_120k/vllm/2026-10-04-18-07-37/results/437bd2a272/__e__scratch__e-sta-openeurollm__poeppel1__flag-evals__views__identity__v2anneal_120k/results_2026-10-05T02-57-29.525193.json,1791169045.844969,1
v2anneal_120k,HumanEval,0,Evalchemy,vllm,,python_pass@1,,0.25,,164,/e/scratch/e-sta-openeurollm/poeppel1/flag-evals/runs/v2anneal_120k/vllm/2026-10-04-18-07-37/results/ae50714524/__e__scratch__e-sta-openeurollm__poeppel1__flag-evals__views__identity__v2anneal_120k/results_2026-10-05T02-45-41.216599.json,1791168337.5936608,1
v2anneal_120k,HumanEval,0,Evalchemy,vllm,,sh_pass@1,,0.0189873417721519,,164,/e/scratch/e-sta-openeurollm/poeppel1/flag-evals/runs/v2anneal_120k/vllm/2026-10-04-18-07-37/results/ae50714524/__e__scratch__e-sta-openeurollm__poeppel1__flag-evals__views__identity__v2anneal_120k/results_2026-10-05T02-45-41.216599.json,1791168337.5936608,1
v2anneal_120k,JEEBench,0,Evalchemy,vllm,,accuracy_avg,,0.26391585760517794,0.0002642383757047626,515,/e/scratch/e-sta-openeurollm/poeppel1/flag-evals/runs/v2anneal_120k/vllm/2026-10-04-18-07-37/results/42bf9ea7c6/__e__scratch__e-sta-openeurollm__poeppel1__flag-evals__views__identity__v2anneal_120k/results_2026-10-04T20-16-25.853188.json,1791144981.9136548,1
v2anneal_120k,JEEBench,0,Evalchemy,vllm,,solved_avg,,135.91666666666666,,515,/e/scratch/e-sta-openeurollm/poeppel1/flag-evals/runs/v2anneal_120k/vllm/2026-10-04-18-07-37/results/42bf9ea7c6/__e__scratch__e-sta-openeurollm__poeppel1__flag-evals__views__identity__v2anneal_120k/results_2026-10-04T20-16-25.853188.json,1791144981.9136548,1
v2anneal_120k,LiveCodeBench,0,Evalchemy,vllm,,accuracy_avg,,0.19178082191780818,0.0026255201301367396,511,/e/scratch/e-sta-openeurollm/poeppel1/flag-evals/runs/v2anneal_120k/vllm/2026-10-04-18-07-37/results/cabd1762ae/__e__scratch__e-sta-openeurollm__poeppel1__flag-evals__views__identity__v2anneal_120k/results_2026-10-05T03-31-45.337349.json,1791171101.468038,1
v2anneal_120k,LiveCodeBench,0,Evalchemy,vllm,,accuracy_easy_avg,,0.41391941391941395,0.005244623100101228,511,/e/scratch/e-sta-openeurollm/poeppel1/flag-evals/runs/v2anneal_120k/vllm/2026-10-04-18-07-37/results/cabd1762ae/__e__scratch__e-sta-openeurollm__poeppel1__flag-evals__views__identity__v2anneal_120k/results_2026-10-05T03-31-45.337349.json,1791171101.468038,1
v2anneal_120k,LiveCodeBench,0,Evalchemy,vllm,,accuracy_hard_avg,,0.0,0.0,511,/e/scratch/e-sta-openeurollm/poeppel1/flag-evals/runs/v2anneal_120k/vllm/2026-10-04-18-07-37/results/cabd1762ae/__e__scratch__e-sta-openeurollm__poeppel1__flag-evals__views__identity__v2anneal_120k/results_2026-10-05T03-31-45.337349.json,1791171101.468038,1
v2anneal_120k,LiveCodeBench,0,Evalchemy,vllm,,accuracy_medium_avg,,0.11003236245954691,0.002046781657066914,511,/e/scratch/e-sta-openeurollm/poeppel1/flag-evals/runs/v2anneal_120k/vllm/2026-10-04-18-07-37/results/cabd1762ae/__e__scratch__e-sta-openeurollm__poeppel1__flag-evals__views__identity__v2anneal_120k/results_2026-10-05T03-31-45.337349.json,1791171101.468038,1
v2anneal_120k,LiveCodeBench,0,Evalchemy,vllm,,solved_avg,,98.0,,511,/e/scratch/e-sta-openeurollm/poeppel1/flag-evals/runs/v2anneal_120k/vllm/2026-10-04-18-07-37/results/cabd1762ae/__e__scratch__e-sta-openeurollm__poeppel1__flag-evals__views__identity__v2anneal_120k/results_2026-10-05T03-31-45.337349.json,1791171101.468038,1
v2anneal_120k,MATH500,0,Evalchemy,vllm,,accuracy,,0.42,,500,/e/scratch/e-sta-openeurollm/poeppel1/flag-evals/runs/v2anneal_120k/vllm/2026-10-04-18-07-37/results/de313cb492/__e__scratch__e-sta-openeurollm__poeppel1__flag-evals__views__identity__v2anneal_120k/results_2026-10-05T02-44-42.797599.json,1791168278.545676,1
v2anneal_120k,MATH500,0,Evalchemy,vllm,,num_solved,,210,,500,/e/scratch/e-sta-openeurollm/poeppel1/flag-evals/runs/v2anneal_120k/vllm/2026-10-04-18-07-37/results/de313cb492/__e__scratch__e-sta-openeurollm__poeppel1__flag-evals__views__identity__v2anneal_120k/results_2026-10-05T02-44-42.797599.json,1791168278.545676,1
v2anneal_120k,arc_easy,10,lm-eval,vllm,,acc,none,0.8695286195286195,0.006911427588057111,2376,/e/scratch/e-sta-openeurollm/poeppel1/flag-evals/runs/v2anneal_120k/vllm/2026-10-04-18-07-37/results/775d27d3a3_2026-10-05T02-39-47.690749.json,1791167771.390426,1
v2anneal_120k,arc_easy,10,lm-eval,vllm,,acc_norm,none,0.8800505050505051,0.006666857970931356,2376,/e/scratch/e-sta-openeurollm/poeppel1/flag-evals/runs/v2anneal_120k/vllm/2026-10-04-18-07-37/results/775d27d3a3_2026-10-05T02-39-47.690749.json,1791167771.390426,1
v2anneal_120k,bigbench_dyck_languages_generate_until,10,lm-eval,vllm,,exact_match,strict-match,0.635,0.015231776226264909,1000,/e/scratch/e-sta-openeurollm/poeppel1/flag-evals/runs/v2anneal_120k/vllm/2026-10-04-18-07-37/results/fc7dcf0f2a_2026-10-04T19-45-43.142252.json,1791142943.8414226,1
v2anneal_120k,commonsense_qa,10,lm-eval,vllm,,acc,none,0.8255528255528255,0.010864868854480418,1221,/e/scratch/e-sta-openeurollm/poeppel1/flag-evals/runs/v2anneal_120k/vllm/2026-10-04-18-07-37/results/feb65b0415_2026-10-05T02-39-46.177173.json,1791167773.141034,1
v2anneal_120k,gsm8k,4,lm-eval,vllm,,exact_match,flexible-extract,0.824109173616376,0.01048712063553961,1319,/e/scratch/e-sta-openeurollm/poeppel1/flag-evals/runs/v2anneal_120k/vllm/2026-10-04-18-07-37/results/fd537e3d06_2026-10-04T19-46-24.254500.json,1791142947.0238042,1
v2anneal_120k,gsm8k,4,lm-eval,vllm,,exact_match,strict-match,0.821076573161486,0.010557661392901286,1319,/e/scratch/e-sta-openeurollm/poeppel1/flag-evals/runs/v2anneal_120k/vllm/2026-10-04-18-07-37/results/fd537e3d06_2026-10-04T19-46-24.254500.json,1791142947.0238042,1
v2anneal_120k,ifeval,0,lm-eval,vllm,,inst_level_loose_acc,none,0.43884892086330934,,541,/e/scratch/e-sta-openeurollm/poeppel1/flag-evals/runs/v2anneal_120k/vllm/2026-10-04-18-07-37/results/27bba332a7_2026-10-04T19-46-58.011360.json,1791142944.0557444,1
v2anneal_120k,ifeval,0,lm-eval,vllm,,inst_level_strict_acc,none,0.4148681055155875,,541,/e/scratch/e-sta-openeurollm/poeppel1/flag-evals/runs/v2anneal_120k/vllm/2026-10-04-18-07-37/results/27bba332a7_2026-10-04T19-46-58.011360.json,1791142944.0557444,1
v2anneal_120k,ifeval,0,lm-eval,vllm,,prompt_level_loose_acc,none,0.29390018484288355,0.01960361201563717,541,/e/scratch/e-sta-openeurollm/poeppel1/flag-evals/runs/v2anneal_120k/vllm/2026-10-04-18-07-37/results/27bba332a7_2026-10-04T19-46-58.011360.json,1791142944.0557444,1
v2anneal_120k,ifeval,0,lm-eval,vllm,,prompt_level_strict_acc,none,0.27171903881700554,0.019143116099593963,541,/e/scratch/e-sta-openeurollm/poeppel1/flag-evals/runs/v2anneal_120k/vllm/2026-10-04-18-07-37/results/27bba332a7_2026-10-04T19-46-58.011360.json,1791142944.0557444,1
v2anneal_120k,mbpp,3,lm-eval,vllm,,pass_at_1,none,0.62,0.02172888143870171,500,/e/scratch/e-sta-openeurollm/poeppel1/flag-evals/runs/v2anneal_120k/vllm/2026-10-04-18-07-37/results/5e719cedca_2026-10-05T02-39-43.287801.json,1791167773.3320062,1
