checkpoint,task,problems,samples_per_problem,acc_grader,acc_lenient,ci95_lo,ci95_hi,pass_at_4,pass_at_16,problems_solved_ever,capped,loop,acc_finished,mean_tokens
v1annealC_108k_cot,AIME24,30,16,0.1396,0.1688,0.0729,0.2792,0.2823,0.4,12,0.8854,0.0167,0.9818,3855.2
v1annealC_108k_cot,AIME25,30,16,0.1667,0.1979,0.0813,0.3333,0.2676,0.3333,10,0.8583,0.0125,1.0,3819.6
v1annealC_108k_cot,AMC23,40,16,0.4734,0.5297,0.4046,0.65,0.7169,0.875,35,0.5766,0.0125,0.9963,3293.6
v1annealC_108k_cot,MATH500,500,4,0.7245,0.7425,0.7085,0.7765,0.846,,423,0.292,0.0225,0.9534,2565.0
v1annealC_120k_l0fix_cot,AIME24,30,16,0.1625,0.1979,0.0958,0.3104,0.3553,0.4667,14,0.8646,0.0833,0.9077,3820.8
v1annealC_120k_l0fix_cot,AIME25,30,16,0.2042,0.2333,0.1042,0.3729,0.3095,0.4,12,0.8187,0.1,0.9425,3783.9
v1annealC_120k_l0fix_cot,AMC23,40,16,0.5094,0.5531,0.4328,0.6687,0.7537,0.875,35,0.525,0.0531,0.9803,3200.8
v1annealC_120k_l0fix_cot,MATH500,500,4,0.7275,0.741,0.7075,0.7725,0.86,,430,0.257,0.0325,0.9401,2435.5
v1annealTT_120k_cot,AIME24,30,16,0.1729,0.1938,0.0917,0.3104,0.3284,0.4667,14,0.8625,0.0312,0.9848,3840.5
v1annealTT_120k_cot,AIME25,30,16,0.1917,0.2104,0.0938,0.3479,0.2978,0.4333,13,0.8438,0.0479,0.9733,3793.0
v1annealTT_120k_cot,AMC23,40,16,0.4875,0.5328,0.4094,0.6562,0.7013,0.85,34,0.5359,0.0031,0.9933,3211.8
v1annealTT_120k_cot,MATH500,500,4,0.7335,0.755,0.724,0.786,0.862,,431,0.2595,0.0115,0.946,2456.7
v1anneal_108k_cot,AIME24,30,16,0.1125,0.1708,0.0813,0.2771,0.3043,0.3667,11,0.9292,0.0208,0.9706,3893.7
v1anneal_108k_cot,AIME25,30,16,0.1479,0.1833,0.0667,0.3,0.2505,0.3,9,0.8812,0.0167,1.0,3838.8
v1anneal_108k_cot,AMC23,40,16,0.4281,0.5141,0.3906,0.6391,0.729,0.9,36,0.6094,0.0031,1.0,3339.9
v1anneal_108k_cot,MATH500,500,4,0.708,0.732,0.697,0.766,0.824,,412,0.3125,0.012,0.9462,2634.7
v1anneal_120k_cot,AIME24,30,16,0.1458,0.2,0.0937,0.3167,0.3192,0.4667,14,0.8875,0.0021,1.0,3848.3
v1anneal_120k_cot,AIME25,30,16,0.1646,0.2,0.0792,0.3354,0.2742,0.3333,10,0.8583,0.0042,0.9559,3828.2
v1anneal_120k_cot,AMC23,40,16,0.4625,0.5406,0.4234,0.6609,0.746,0.925,37,0.575,0.0047,0.9963,3269.0
v1anneal_120k_cot,MATH500,500,4,0.736,0.75,0.714,0.783,0.844,,422,0.28,0.0085,0.9479,2531.5
v2anneal_108k_cot,AIME24,30,16,0.1396,0.1792,0.0833,0.2833,0.2975,0.3667,11,0.8917,0.0667,0.9615,3856.3
v2anneal_108k_cot,AIME25,30,16,0.15,0.1792,0.0729,0.3063,0.2552,0.3,9,0.8729,0.0542,0.9508,3838.0
v2anneal_108k_cot,AMC23,40,16,0.4516,0.5062,0.3859,0.6266,0.713,0.925,37,0.5969,0.025,0.9922,3314.5
v2anneal_108k_cot,MATH500,500,4,0.7135,0.7325,0.6965,0.765,0.848,,424,0.2915,0.025,0.9457,2584.8
v2anneal_120k_cot,AIME24,30,16,0.1875,0.2146,0.1062,0.3354,0.3686,0.5667,17,0.8375,0.2062,0.9615,3790.1
v2anneal_120k_cot,AIME25,30,16,0.1833,0.1958,0.0896,0.325,0.2856,0.3333,10,0.8167,0.15,0.8636,3783.0
v2anneal_120k_cot,AMC23,40,16,0.5031,0.5563,0.439,0.675,0.7454,0.85,34,0.5156,0.0625,0.9677,3175.5
v2anneal_120k_cot,MATH500,500,4,0.7285,0.7485,0.717,0.78,0.866,,433,0.24,0.055,0.9382,2385.9
